class,x,y
Bad,914,1040
Bad,854,1050
Bad,856,1050
Bad,858,1042
Bad,863,1017
Bad,855,1007
Bad,845,995
Bad,862,981
Bad,860,932
Bad,848,921
Bad,853,887
Bad,848,857
Bad,849,826
Bad,843,796
Bad,838,773
Bad,836,756
Bad,837,745
Bad,836,739
Bad,839,727
Bad,846,720
Bad,857,708
Bad,863,714
Bad,871,710
Bad,881,712
Bad,884,719
Bad,892,731
Bad,894,745
Bad,898,756
Bad,909,760
Bad,908,767
Bad,906,770
Bad,908,776
Bad,911,787
Bad,910,792
Bad,914,802
Bad,912,814
Bad,909,833
Bad,905,850
Bad,885,871
Bad,883,897
Bad,927,914
Bad,914,973
Bad,874,1013
Bad,895,1052
Bad,1214,1060
Bad,1244,1058
Bad,1257,1047
Bad,1275,1033
Bad,1280,1011
Bad,1272,996
Bad,766,971
Bad,1254,981
Bad,1259,971
Bad,1237,972
Bad,783,871
Bad,779,844
Bad,780,809
Bad,766,799
Bad,760,786
Bad,762,771
Bad,767,755
Bad,780,719
Bad,796,707
Bad,810,693
Bad,842,694
Bad,850,684
Bad,857,676
Bad,855,671
Bad,855,666
Bad,854,670
Bad,859,676
Bad,865,683
Bad,867,700
Bad,870,709
Bad,878,722
Bad,890,734
Bad,896,749
Bad,911,766
Bad,931,786
Bad,941,810
Bad,961,829
Bad,959,860
Bad,1021,898
Bad,949,981
Bad,924,1000
Bad,989,1064
Bad,984,1068
Bad,964,1062
Bad,970,1059
Bad,957,1056
Bad,945,1053
Bad,936,1049
Bad,937,1051
Bad,937,1049
Bad,940,1048
Bad,938,1050
Bad,938,1048
Bad,932,1050
Bad,811,930
Bad,808,929
Bad,808,930
Bad,806,929
Bad,810,924
Bad,798,917
Bad,800,912
Bad,799,907
Bad,798,895
Bad,1076,982
Bad,1079,983
Bad,799,845
Bad,1091,987
Bad,1084,987
Bad,1083,986
Bad,1085,986
Bad,1083,984
Bad,803,714
Bad,798,693
Bad,1066,986
Bad,795,664
Bad,796,659
Bad,795,647
Bad,799,643
Bad,801,642
Bad,808,639
Bad,814,640
Bad,818,642
Bad,825,645
Bad,1029,991
Bad,1050,986
Bad,1053,985
Bad,1066,983
Bad,1068,984
Bad,1066,986
Bad,1072,991
Bad,1074,991
Bad,1073,989
Bad,1078,988
Bad,1079,993
Bad,1082,982
Bad,1089,980
Bad,846,838
Bad,1099,971
Bad,1104,967
Bad,807,924
Bad,814,961
Bad,825,969
Bad,802,967
Bad,807,971
Bad,807,972
Bad,800,969
Bad,799,970
Bad,800,969
Bad,805,953
Bad,806,963
Bad,805,964
Bad,803,965
Bad,803,965
Bad,802,965
Bad,802,965
Bad,803,964
Bad,803,962
Bad,799,963
Bad,798,964
Bad,796,965
Bad,796,965
Bad,794,968
Bad,796,968
Bad,796,969
Bad,794,969
Bad,794,971
Bad,791,971
Bad,789,974
Bad,789,974
Bad,789,975
Bad,787,973
Bad,786,972
Bad,784,974
Bad,727,1066
Bad,724,1068
Bad,724,1041
Bad,721,1014
Bad,686,1006
Bad,725,963
Bad,710,944
Bad,693,923
Bad,673,906
Bad,667,876
Bad,669,862
Bad,661,830
Bad,665,814
Bad,671,792
Bad,681,767
Bad,692,735
Bad,701,719
Bad,714,712
Bad,730,700
Bad,734,706
Bad,739,702
Bad,740,702
Bad,741,697
Bad,743,699
Bad,742,706
Bad,747,712
Bad,754,719
Bad,758,729
Bad,769,745
Bad,776,756
Bad,779,769
Bad,781,788
Bad,781,801
Bad,782,817
Bad,781,835
Bad,788,838
Bad,800,883
Bad,838,893
Bad,831,926
Bad,861,956
Bad,836,1022
Bad,795,1063
Bad,780,1061
Bad,780,1055
Bad,785,1056
Bad,769,1057
Bad,776,1048
Bad,782,1034
Bad,771,1024
Bad,758,1012
Bad,739,998
Bad,749,939
Bad,753,866
Bad,729,769
Bad,715,769
Bad,706,762
Bad,707,749
Bad,707,746
Bad,711,736
Bad,709,714
Bad,714,699
Bad,723,695
Bad,734,682
Bad,750,679
Bad,760,679
Bad,775,675
Bad,785,658
Bad,814,669
Bad,822,679
Bad,827,677
Bad,827,676
Bad,827,676
Bad,823,677
Bad,821,679
Bad,821,677
Bad,821,684
Bad,822,687
Bad,826,690
Bad,830,698
Bad,836,705
Bad,838,712
Bad,841,726
Bad,844,736
Bad,848,747
Bad,845,766
Bad,848,784
Bad,854,800
Bad,873,813
Bad,868,850
Bad,902,871
Bad,908,921
Bad,841,986
Bad,843,1019
Bad,805,1055
Bad,799,1048
Bad,801,1045
Bad,789,1041
Bad,792,1035
Bad,799,1036
Bad,792,1033
Bad,788,1028
Bad,786,1028
Bad,789,1023
Bad,781,1021
Bad,781,1021
Bad,780,1020
Bad,779,1020
Bad,779,1023
Bad,784,1022
Bad,775,1024
Bad,779,1024
Bad,882,959
Bad,874,958
Bad,875,954
Bad,864,953
Bad,854,950
Bad,852,947
Bad,841,944
Bad,835,940
Bad,1176,967
Bad,1169,966
Bad,1161,963
Bad,1154,963
Bad,1147,960
Bad,809,922
Bad,1128,960
Bad,1123,968
Bad,1111,967
Bad,776,905
Bad,771,897
Bad,763,893
Bad,751,878
Bad,1059,964
Bad,1054,965
Bad,1054,966
Bad,1049,973
Bad,1058,979
Bad,1055,979
Bad,1044,980
Bad,1037,979
Bad,1029,975
Bad,1024,974
Bad,1018,973
Bad,1012,972
Bad,1006,971
Bad,1004,973
Bad,999,971
Bad,993,971
Bad,983,968
Bad,972,966
Bad,971,969
Bad,961,968
Bad,960,968
Bad,956,965
Bad,739,668
Bad,740,670
Bad,741,668
Bad,945,962
Bad,948,964
Bad,948,963
Bad,942,959
Bad,949,962
Bad,951,964
Bad,953,965
Bad,952,966
Bad,953,965
Bad,957,966
Bad,958,959
Bad,964,956
Bad,972,958
Bad,979,962
Bad,983,961
Bad,780,783
Bad,794,800
Bad,1017,955
Bad,1007,958
Bad,767,934
Bad,1026,958
Bad,1031,953
Bad,1039,955
Bad,1042,951
Bad,1046,951
Bad,1050,956
Bad,1053,953
Bad,1056,952
Bad,1060,954
Bad,1062,952
Bad,1069,955
Bad,792,922
Bad,793,920
Bad,793,922
Bad,798,921
Bad,800,921
Bad,801,919
Bad,1083,952
Bad,1092,951
Bad,1095,952
Bad,1099,950
Bad,1103,949
Bad,1099,947
Bad,1102,947
Bad,1111,946
Bad,826,954
Bad,814,953
Bad,816,953
Bad,809,954
Bad,803,953
Bad,798,950
Bad,797,951
Bad,793,950
Bad,794,949
Bad,791,946
Bad,791,944
Bad,784,939
Bad,791,933
Bad,783,925
Bad,786,915
Bad,781,908
Bad,784,903
Bad,780,894
Bad,1047,979
Bad,1038,978
Bad,784,860
Bad,1043,979
Bad,1046,982
Bad,783,803
Bad,784,784
Bad,777,774
Bad,776,753
Bad,775,732
Bad,773,712
Bad,772,704
Bad,771,695
Bad,772,676
Bad,1026,988
Bad,773,666
Bad,775,657
Bad,778,655
Bad,781,652
Bad,784,649
Bad,788,647
Bad,790,656
Bad,797,655
Bad,802,656
Bad,1026,980
Bad,806,677
Bad,819,675
Bad,1034,983
Bad,1034,983
Bad,1036,983
Bad,819,732
Bad,1047,984
Bad,1057,986
Bad,1070,989
Bad,1070,987
Bad,1067,986
Bad,1077,985
Bad,1089,992
Bad,809,951
Bad,799,972
Bad,793,987
Bad,800,998
Bad,786,990
Bad,784,989
Bad,783,987
Bad,786,986
Bad,784,989
Bad,783,989
Bad,783,990
Bad,788,992
Bad,791,989
Bad,794,990
Bad,787,988
Bad,791,982
Bad,791,978
Bad,792,979
Bad,793,978
Bad,795,978
Bad,796,980
Bad,796,979
Bad,796,979
Bad,796,979
Bad,796,979
Bad,796,976
Bad,797,976
Bad,798,976
Bad,695,890
Bad,663,865
Bad,640,834
Bad,637,818
Bad,650,794
Bad,661,770
Bad,654,760
Bad,666,741
Bad,680,718
Bad,685,705
Bad,702,687
Bad,711,684
Bad,723,676
Bad,729,676
Bad,742,670
Bad,743,672
Bad,744,671
Bad,744,663
Bad,746,670
Bad,748,679
Bad,750,689
Bad,756,701
Bad,763,706
Bad,765,721
Bad,772,734
Bad,774,744
Bad,777,758
Bad,777,774
Bad,784,794
Bad,783,816
Bad,788,839
Bad,806,862
Bad,838,879
Bad,812,934
Bad,765,1014
Bad,1077,1045
Bad,735,1009
Bad,737,1008
Bad,728,1014
Bad,735,1012
Bad,740,1009
Bad,739,1010
Bad,741,1009
Bad,738,1011
Bad,741,1013
Bad,745,1016
Bad,743,1018
Bad,739,1020
Bad,729,1023
Bad,737,1026
Bad,745,1030
Bad,731,1034
Bad,743,1036
Bad,756,1036
Bad,816,1039
Bad,776,1045
Bad,889,1016
Bad,931,973
Bad,934,972
Bad,936,971
Bad,939,969
Bad,939,969
Bad,940,967
Bad,936,968
Bad,940,967
Bad,937,969
Bad,939,969
Bad,940,968
Bad,929,964
Bad,929,960
Bad,926,953
Bad,935,947
Bad,937,936
Bad,930,924
Bad,911,906
Bad,917,895
Bad,926,874
Bad,927,852
Bad,923,829
Bad,925,799
Bad,910,780
Bad,1159,1011
Bad,890,729
Bad,886,719
Bad,881,706
Bad,880,689
Bad,882,675
Bad,886,664
Bad,887,660
Bad,891,656
Bad,895,653
Bad,898,655
Bad,899,655
Bad,900,652
Bad,900,654
Bad,897,658
Bad,897,657
Bad,901,661
Bad,898,666
Bad,894,675
Bad,891,680
Bad,888,686
Bad,890,695
Bad,895,706
Bad,900,719
Bad,901,734
Bad,904,752
Bad,901,770
Bad,1123,995
Bad,1128,989
Bad,1132,984
Bad,1142,983
Bad,1152,977
Bad,871,939
Bad,879,959
Bad,1061,978
Bad,856,962
Bad,847,961
Bad,863,954
Bad,860,947
Bad,857,943
Bad,857,945
Bad,853,945
Bad,853,947
Bad,851,947
Bad,852,948
Bad,850,948
Bad,851,947
Bad,850,946
Bad,848,945
Bad,847,945
Bad,846,946
Bad,846,945
Bad,846,946
Bad,849,948
Bad,847,947
Bad,848,951
Bad,855,952
Bad,855,954
Bad,854,954
Bad,855,952
Bad,846,950
Bad,846,950
Bad,850,961
Bad,848,958
Bad,844,960
Bad,842,958
Bad,840,958
Bad,836,957
Bad,832,957
Bad,827,958
Bad,821,959
Bad,814,951
Bad,811,948
Bad,808,947
Bad,1116,982
Bad,799,912
Bad,793,893
Bad,796,871
Bad,1076,978
Bad,1061,969
Bad,1058,968
Bad,1049,968
Bad,1049,971
Bad,1048,970
Bad,1037,967
Bad,1038,972
Bad,1030,971
Bad,1021,969
Bad,739,645
Bad,731,636
Bad,724,630
Bad,723,623
Bad,720,621
Bad,722,621
Bad,726,616
Bad,728,618
Bad,731,623
Bad,733,629
Bad,736,634
Bad,998,962
Bad,740,647
Bad,1001,964
Bad,1000,962
Bad,997,961
Bad,998,962
Bad,996,961
Bad,998,959
Bad,1000,959
Bad,1005,960
Bad,1004,960
Bad,1009,960
Bad,1018,960
Bad,1018,958
Bad,1030,956
Bad,808,785
Bad,1058,962
Bad,1062,952
Bad,797,886
Bad,792,914
Bad,1021,959
Bad,1042,956
Bad,798,929
Bad,803,927
Bad,813,928
Bad,813,930
Bad,819,931
Bad,826,937
Bad,828,934
Bad,831,934
Bad,836,934
Bad,839,936
Bad,844,937
Bad,849,940
Bad,851,940
Bad,854,942
Bad,858,946
Bad,861,947
Bad,862,945
Bad,862,946
Bad,863,944
Bad,868,946
Bad,869,944
Bad,871,943
Bad,873,943
Bad,874,944
Bad,877,944
Bad,875,942
Bad,878,941
Bad,881,940
Bad,881,939
Bad,884,937
Airplane,496,651
Airplane,493,654
Airplane,491,659
Airplane,489,658
Airplane,486,658
Airplane,482,660
Airplane,479,659
Airplane,481,660
Airplane,487,662
Airplane,482,656
Airplane,481,651
Airplane,486,645
Airplane,488,631
Airplane,490,630
Airplane,498,625
Airplane,500,621
Airplane,505,619
Airplane,517,614
Airplane,529,607
Airplane,531,606
Airplane,540,607
Airplane,561,592
Airplane,558,601
Airplane,572,596
Airplane,583,589
Airplane,598,582
Airplane,620,574
Airplane,629,566
Airplane,940,1023
Airplane,673,538
Airplane,706,522
Airplane,933,1025
Airplane,938,1024
Airplane,942,1022
Airplane,942,1026
Airplane,943,1022
Airplane,938,1024
Airplane,951,1025
Airplane,928,383
Airplane,957,364
Airplane,976,350
Airplane,990,341
Airplane,1009,327
Airplane,1018,320
Airplane,1018,294
Airplane,1020,293
Airplane,1030,287
Airplane,1033,286
Airplane,1035,286
Airplane,1034,285
Airplane,1034,286
Airplane,1035,290
Airplane,1035,292
Airplane,1031,297
Airplane,1036,300
Airplane,1029,304
Airplane,1023,309
Airplane,1017,315
Airplane,1013,319
Airplane,995,326
Airplane,988,331
Airplane,979,339
Airplane,970,346
Airplane,960,353
Airplane,942,364
Airplane,933,370
Airplane,956,1025
Airplane,618,788
Airplane,605,789
Airplane,591,775
Airplane,580,762
Airplane,564,762
Airplane,553,753
Airplane,544,748
Airplane,536,740
Airplane,528,734
Airplane,526,725
Airplane,519,721
Airplane,524,707
Airplane,522,704
Airplane,517,701
Airplane,522,693
Airplane,523,688
Airplane,525,688
Airplane,547,669
Airplane,565,658
Airplane,574,662
Airplane,598,645
Airplane,603,649
Airplane,619,636
Airplane,636,627
Airplane,658,615
Airplane,681,596
Airplane,704,581
Airplane,730,572
Airplane,780,561
Airplane,781,541
Airplane,793,535
Airplane,811,525
Airplane,825,514
Airplane,844,501
Airplane,855,494
Airplane,872,480
Airplane,883,480
Airplane,904,469
Airplane,919,461
Airplane,927,451
Airplane,939,444
Airplane,949,436
Airplane,971,424
Airplane,982,414
Airplane,990,406
Airplane,1004,396
Airplane,1011,389
Airplane,1012,385
Airplane,1022,378
Airplane,1031,376
Airplane,1036,373
Airplane,1037,373
Airplane,1039,374
Airplane,1041,375
Airplane,1045,374
Airplane,1042,375
Airplane,1043,377
Airplane,1044,379
Airplane,1038,384
Airplane,1037,384
Airplane,1036,388
Airplane,1034,389
Airplane,1047,414
Airplane,1027,387
Airplane,1027,388
Airplane,1020,390
Airplane,1017,396
Airplane,1017,398
Airplane,1007,408
Airplane,1005,419
Airplane,993,430
Airplane,971,452
Airplane,964,460
Airplane,963,481
Airplane,959,488
Airplane,962,504
Airplane,940,517
Airplane,923,552
Airplane,913,570
Airplane,910,584
Airplane,908,602
Airplane,905,620
Airplane,897,637
Airplane,890,662
Airplane,893,687
Airplane,879,710
Airplane,585,667
Airplane,582,670
Airplane,581,670
Airplane,579,669
Airplane,581,667
Airplane,581,667
Airplane,582,666
Airplane,582,664
Airplane,585,664
Airplane,585,661
Airplane,589,656
Airplane,593,653
Airplane,603,645
Airplane,607,644
Airplane,618,642
Airplane,620,644
Airplane,635,644
Airplane,641,644
Airplane,652,642
Airplane,666,633
Airplane,678,630
Airplane,694,620
Airplane,707,613
Airplane,727,602
Airplane,740,596
Airplane,775,575
Airplane,787,564
Airplane,823,546
Airplane,854,534
Airplane,857,524
Airplane,880,509
Airplane,885,502
Airplane,890,492
Airplane,909,480
Airplane,928,469
Airplane,943,460
Airplane,962,452
Airplane,975,441
Airplane,986,436
Airplane,997,426
Airplane,1009,416
Airplane,1022,405
Airplane,1030,398
Airplane,1035,391
Airplane,1042,389
Airplane,1045,383
Airplane,1049,379
Airplane,1052,376
Airplane,1053,374
Airplane,1053,373
Airplane,1054,370
Airplane,1056,372
Airplane,1056,369
Airplane,1056,370
Airplane,1057,371
Airplane,1043,360
Airplane,1053,373
Airplane,1056,372
Airplane,1052,376
Airplane,1045,382
Airplane,1040,382
Airplane,1041,385
Airplane,1039,388
Airplane,1042,390
Airplane,1039,393
Airplane,1036,398
Airplane,1029,406
Airplane,1026,415
Airplane,1024,426
Airplane,1011,444
Airplane,1007,459
Airplane,992,479
Airplane,982,505
Airplane,977,525
Airplane,985,540
Airplane,967,572
Airplane,969,600
Airplane,949,634
Airplane,946,663
Airplane,939,691
Airplane,940,723
Airplane,571,652
Airplane,572,653
Airplane,572,653
Airplane,570,654
Airplane,567,657
Airplane,567,653
Airplane,567,652
Airplane,565,652
Airplane,564,654
Airplane,565,650
Airplane,564,651
Airplane,564,648
Airplane,564,644
Airplane,566,642
Airplane,567,641
Airplane,566,641
Airplane,563,637
Airplane,573,630
Airplane,573,626
Airplane,580,623
Airplane,588,616
Airplane,594,613
Airplane,599,610
Airplane,610,603
Airplane,623,598
Airplane,635,593
Airplane,651,586
Airplane,663,581
Airplane,677,574
Airplane,688,567
Airplane,709,558
Airplane,730,546
Airplane,750,536
Airplane,778,526
Airplane,786,524
Airplane,821,500
Airplane,840,491
Airplane,848,486
Airplane,860,480
Airplane,876,472
Airplane,887,461
Airplane,897,453
Airplane,913,445
Airplane,933,432
Airplane,950,418
Airplane,965,407
Airplane,980,395
Airplane,990,388
Airplane,1000,380
Airplane,1012,371
Airplane,1026,360
Airplane,1029,358
Airplane,1040,351
Airplane,1045,348
Airplane,1044,334
Airplane,1046,337
Airplane,1047,335
Airplane,1051,334
Airplane,1054,332
Airplane,1055,332
Airplane,1054,333
Airplane,1054,333
Airplane,1057,335
Airplane,1052,339
Airplane,1051,342
Airplane,1053,345
Airplane,1051,347
Airplane,1049,350
Airplane,1041,355
Airplane,1038,360
Airplane,1033,362
Airplane,1028,368
Airplane,1020,377
Airplane,1011,386
Airplane,1006,396
Airplane,1002,402
Airplane,989,416
Airplane,978,428
Airplane,926,1008
Airplane,598,620
Airplane,583,608
Airplane,925,1008
Airplane,924,1012
Airplane,576,564
Airplane,577,551
Airplane,576,540
Airplane,575,532
Airplane,571,530
Airplane,565,528
Airplane,566,524
Airplane,561,522
Airplane,559,519
Airplane,558,517
Airplane,557,518
Airplane,557,518
Airplane,558,516
Airplane,556,511
Airplane,556,511
Airplane,558,509
Airplane,557,509
Airplane,560,507
Airplane,560,507
Airplane,562,504
Airplane,564,500
Airplane,564,502
Airplane,564,498
Airplane,563,498
Airplane,572,501
Airplane,911,1015
Airplane,911,1017
Airplane,910,1016
Airplane,618,488
Airplane,902,1018
Airplane,899,1020
Airplane,898,1020
Airplane,900,1018
Airplane,902,1018
Airplane,902,1017
Airplane,901,1020
Airplane,902,1019
Airplane,894,341
Airplane,921,319
Airplane,953,298
Airplane,974,304
Airplane,992,262
Airplane,1005,250
Airplane,1019,238
Airplane,1025,230
Airplane,1030,227
Airplane,1033,223
Airplane,1035,224
Airplane,1035,222
Airplane,1041,218
Airplane,1037,224
Airplane,1032,222
Airplane,1029,221
Airplane,1023,222
Airplane,1020,223
Airplane,1017,225
Airplane,904,1021
Airplane,902,1023
Airplane,1006,225
Airplane,897,1024
Airplane,895,1023
Airplane,990,230
Airplane,987,235
Airplane,617,627
Airplane,607,621
Airplane,602,615
Airplane,602,609
Airplane,606,602
Airplane,612,590
Airplane,618,587
Airplane,626,584
Airplane,634,577
Airplane,640,575
Airplane,644,574
Airplane,657,569
Airplane,659,572
Airplane,673,569
Airplane,681,567
Airplane,690,567
Airplane,703,560
Airplane,723,546
Airplane,733,536
Airplane,749,527
Airplane,769,513
Airplane,781,506
Airplane,802,494
Airplane,830,478
Airplane,839,473
Airplane,851,464
Airplane,860,455
Airplane,878,441
Airplane,893,429
Airplane,902,420
Airplane,913,407
Airplane,916,403
Airplane,928,383
Airplane,952,364
Airplane,966,355
Airplane,975,349
Airplane,983,345
Airplane,995,337
Airplane,1001,336
Airplane,1008,335
Airplane,1018,328
Airplane,1020,328
Airplane,1029,324
Airplane,1030,323
Airplane,1033,321
Airplane,1036,317
Airplane,1021,325
Airplane,1049,318
Airplane,1050,319
Airplane,1050,318
Airplane,1048,319
Airplane,1047,320
Airplane,1048,319
Airplane,1048,321
Airplane,1047,321
Airplane,1046,324
Airplane,1044,325
Airplane,1044,327
Airplane,1045,326
Airplane,1045,329
Airplane,1044,333
Airplane,1041,337
Airplane,1038,340
Airplane,1035,344
Airplane,1033,344
Airplane,1029,349
Airplane,1022,359
Airplane,1020,365
Airplane,1017,374
Airplane,997,389
Airplane,988,399
Airplane,970,420
Airplane,633,609
Airplane,637,597
Airplane,642,587
Airplane,652,582
Airplane,658,579
Airplane,674,575
Airplane,692,561
Airplane,713,550
Airplane,742,526
Airplane,777,505
Airplane,808,481
Airplane,845,455
Airplane,861,440
Airplane,884,427
Airplane,904,406
Airplane,924,381
Airplane,956,363
Airplane,983,344
Airplane,994,333
Airplane,1012,319
Airplane,1027,312
Airplane,1034,307
Airplane,1040,305
Airplane,1054,298
Airplane,1052,301
Airplane,1063,298
Airplane,1071,293
Airplane,1073,293
Airplane,1074,296
Airplane,1075,301
Airplane,1064,304
Airplane,1063,306
Airplane,1061,306
Airplane,1057,309
Airplane,1051,311
Airplane,1049,317
Airplane,1043,325
Airplane,1043,326
Airplane,1039,330
Airplane,1036,331
Airplane,1030,335
Airplane,1026,338
Airplane,1023,340
Airplane,1010,347
Airplane,1009,350
Airplane,1000,358
Airplane,990,366
Airplane,983,373
Airplane,969,386
Airplane,965,396
Airplane,953,413
Airplane,936,427
Airplane,914,450
Airplane,898,467
Airplane,887,484
Airplane,869,517
Airplane,866,543
Airplane,858,555
Airplane,847,574
Airplane,818,602
Airplane,788,648
Airplane,796,645
Airplane,788,672
Airplane,799,694
Airplane,787,725
Airplane,773,748
Airplane,766,783
Airplane,763,812
Airplane,754,843
Airplane,754,867
Airplane,750,891
Airplane,748,915
Airplane,752,936
Airplane,751,954
Airplane,760,974
Airplane,757,993
Airplane,757,1009
Airplane,768,1025
Airplane,785,1039
Airplane,794,1051
Airplane,789,1058
Airplane,790,1060
Airplane,779,1045
Airplane,617,627
Airplane,607,621
Airplane,602,615
Airplane,602,609
Airplane,606,602
Airplane,612,590
Airplane,618,587
Airplane,626,584
Airplane,634,577
Airplane,640,575
Airplane,644,574
Airplane,657,569
Airplane,659,572
Airplane,673,569
Airplane,681,567
Airplane,690,567
Airplane,703,560
Airplane,723,546
Airplane,733,536
Airplane,749,527
Airplane,769,513
Airplane,781,506
Airplane,802,494
Airplane,830,478
Airplane,839,473
Airplane,851,464
Airplane,860,455
Airplane,878,441
Airplane,893,429
Airplane,902,420
Airplane,913,407
Airplane,916,403
Airplane,928,383
Airplane,952,364
Airplane,966,355
Airplane,975,349
Airplane,983,345
Airplane,995,337
Airplane,1001,336
Airplane,1008,335
Airplane,1018,328
Airplane,1020,328
Airplane,1029,324
Airplane,1030,323
Airplane,1033,321
Airplane,1036,317
Airplane,1021,325
Airplane,1049,318
Airplane,1050,319
Airplane,1050,318
Airplane,1048,319
Airplane,1047,320
Airplane,1048,319
Airplane,1048,321
Airplane,1047,321
Airplane,1046,324
Airplane,1044,325
Airplane,1044,327
Airplane,1045,326
Airplane,1045,329
Airplane,1044,333
Airplane,1041,337
Airplane,1038,340
Airplane,1035,344
Airplane,1033,344
Airplane,1029,349
Airplane,1022,359
Airplane,1020,365
Airplane,1017,374
Airplane,997,389
Airplane,988,399
Airplane,970,420
Airplane,565,637
Airplane,568,633
Airplane,572,629
Airplane,573,625
Airplane,576,622
Airplane,579,617
Airplane,579,617
Airplane,579,613
Airplane,582,610
Airplane,585,605
Airplane,584,607
Airplane,584,606
Airplane,585,607
Airplane,589,610
Airplane,593,611
Airplane,602,608
Airplane,612,611
Airplane,627,607
Airplane,639,603
Airplane,655,596
Airplane,679,585
Airplane,700,567
Airplane,725,551
Airplane,743,542
Airplane,767,521
Airplane,800,497
Airplane,815,482
Airplane,828,471
Airplane,840,455
Airplane,856,437
Airplane,876,422
Airplane,899,405
Airplane,910,396
Airplane,931,383
Airplane,944,370
Airplane,952,369
Airplane,965,359
Airplane,979,348
Airplane,982,347
Airplane,984,343
Airplane,985,341
Airplane,987,341
Airplane,991,330
Airplane,991,332
Airplane,990,334
Airplane,989,334
Airplane,992,333
Airplane,992,332
Airplane,991,332
Airplane,993,331
Airplane,989,334
Airplane,987,335
Airplane,985,336
Airplane,983,338
Airplane,981,339
Airplane,977,340
Airplane,976,341
Airplane,975,342
Airplane,976,341
Airplane,974,340
Airplane,971,342
Airplane,967,343
Airplane,966,346
Airplane,971,345
Airplane,969,345
Airplane,970,346
Airplane,969,347
Teacher,1319,1017
Teacher,1314,950
Teacher,1305,897
Teacher,1291,828
Teacher,1283,774
Teacher,610,714
Teacher,1258,667
Teacher,635,607
Teacher,1223,594
Teacher,1210,566
Teacher,1189,545
Teacher,1180,541
Teacher,1168,529
Teacher,1162,521
Teacher,1157,521
Teacher,711,502
Teacher,723,495
Teacher,723,491
Teacher,727,479
Teacher,728,466
Teacher,726,459
Teacher,731,446
Teacher,722,443
Teacher,719,436
Teacher,719,426
Teacher,714,429
Teacher,710,428
Teacher,708,426
Teacher,711,425
Teacher,708,424
Teacher,712,424
Teacher,712,426
Teacher,705,438
Teacher,697,445
Teacher,704,444
Teacher,703,451
Teacher,706,453
Teacher,706,454
Teacher,712,446
Teacher,716,446
Teacher,711,450
Teacher,715,443
Teacher,719,444
Teacher,718,442
Teacher,718,439
Teacher,716,437
Teacher,717,437
Teacher,711,442
Teacher,704,443
Teacher,697,452
Teacher,700,456
Teacher,697,459
Teacher,696,459
Teacher,698,454
Teacher,699,458
Teacher,694,463
Teacher,1213,454
Teacher,699,458
Teacher,700,453
Teacher,704,447
Teacher,700,446
Teacher,702,453
Teacher,699,460
Teacher,700,474
Teacher,702,501
Teacher,700,528
Teacher,707,564
Teacher,708,601
Teacher,716,642
Teacher,729,690
Teacher,1222,654
Teacher,763,598
Teacher,723,914
Teacher,1204,819
Teacher,1202,884
Teacher,1186,943
Teacher,1191,1015
Teacher,1191,1036
Teacher,1167,1097
Teacher,1163,1098
Teacher,1174,1077
Teacher,1169,1083
Teacher,503,589
Teacher,1014,608
Teacher,1016,610
Teacher,498,590
Teacher,1017,611
Teacher,500,595
Teacher,499,597
Teacher,499,596
Teacher,1018,611
Teacher,500,596
Teacher,1017,613
Teacher,1019,610
Teacher,1021,606
Teacher,1023,602
Teacher,504,592
Teacher,1025,603
Teacher,1024,601
Teacher,1027,605
Teacher,1026,605
Teacher,1026,603
Teacher,1027,603
Teacher,1028,611
Teacher,1033,609
Teacher,1036,606
Teacher,521,572
Teacher,507,561
Teacher,1131,596
Teacher,1135,603
Teacher,507,555
Teacher,508,559
Teacher,517,554
Teacher,520,558
Teacher,526,564
Teacher,531,562
Teacher,530,572
Teacher,532,574
Teacher,533,581
Teacher,536,584
Teacher,536,592
Teacher,541,593
Teacher,542,595
Teacher,542,596
Teacher,543,592
Teacher,548,587
Teacher,545,580
Teacher,541,573
Teacher,532,571
Teacher,530,567
Teacher,533,562
Teacher,529,561
Teacher,537,558
Teacher,547,557
Teacher,549,565
Teacher,556,568
Teacher,558,578
Teacher,560,587
Teacher,1089,612
Teacher,554,644
Teacher,549,675
Teacher,552,719
Teacher,561,749
Teacher,561,801
Teacher,1069,840
Teacher,596,956
Teacher,1042,977
Teacher,629,1044
Teacher,1027,1043
Teacher,1100,948
Teacher,477,703
Teacher,463,547
Teacher,464,604
Teacher,451,600
Teacher,448,582
Teacher,442,566
Teacher,448,549
Teacher,454,537
Teacher,462,527
Teacher,468,518
Teacher,474,514
Teacher,473,513
Teacher,475,512
Teacher,467,515
Teacher,1000,522
Teacher,471,496
Teacher,464,489
Teacher,460,481
Teacher,458,475
Teacher,449,473
Teacher,452,468
Teacher,1084,505
Teacher,1092,501
Teacher,1098,502
Teacher,1100,510
Teacher,1100,512
Teacher,1091,512
Teacher,452,473
Teacher,459,470
Teacher,466,473
Teacher,472,476
Teacher,470,480
Teacher,472,488
Teacher,473,499
Teacher,469,509
Teacher,467,516
Teacher,474,511
Teacher,470,512
Teacher,466,510
Teacher,469,502
Teacher,471,495
Teacher,471,487
Teacher,477,478
Teacher,476,471
Teacher,475,468
Teacher,467,469
Teacher,465,471
Teacher,461,478
Teacher,461,486
Teacher,455,503
Teacher,454,509
Teacher,463,512
Teacher,465,512
Teacher,468,510
Teacher,474,510
Teacher,477,510
Teacher,480,511
Teacher,484,512
Teacher,488,513
Teacher,490,517
Teacher,1010,566
Teacher,497,551
Teacher,501,575
Teacher,1000,624
Teacher,508,646
Teacher,523,683
Teacher,522,732
Teacher,1007,775
Teacher,1009,823
Teacher,1012,873
Teacher,1007,925
Teacher,1004,978
Teacher,1011,1027
Teacher,1009,1060
Teacher,564,570
Teacher,566,567
Teacher,562,569
Teacher,561,569
Teacher,562,571
Teacher,561,573
Teacher,562,578
Teacher,566,577
Teacher,571,572
Teacher,571,576
Teacher,576,569
Teacher,578,569
Teacher,584,572
Teacher,581,574
Teacher,592,573
Teacher,590,575
Teacher,594,574
Teacher,594,579
Teacher,1050,595
Teacher,1050,596
Teacher,1049,595
Teacher,1048,593
Teacher,596,579
Teacher,1051,593
Teacher,592,577
Teacher,591,571
Teacher,590,569
Teacher,585,571
Teacher,582,569
Teacher,577,568
Teacher,567,575
Teacher,564,577
Teacher,564,578
Teacher,562,580
Teacher,560,583
Teacher,557,585
Teacher,555,590
Teacher,554,591
Teacher,554,591
Teacher,551,592
Teacher,555,588
Teacher,556,587
Teacher,553,591
Teacher,550,597
Teacher,548,600
Teacher,551,601
Teacher,544,600
Teacher,546,606
Teacher,548,610
Teacher,553,612
Teacher,1071,600
Teacher,1071,602
Teacher,560,633
Teacher,559,646
Teacher,558,664
Teacher,555,687
Teacher,553,714
Teacher,552,744
Teacher,551,774
Teacher,556,808
Teacher,558,838
Teacher,555,885
Teacher,559,920
Teacher,564,954
Teacher,1086,950
Teacher,1090,988
Teacher,1094,1015
Teacher,1093,1033
Teacher,1087,1046
Teacher,1099,1023
Teacher,1039,1049
Teacher,1050,1048
Teacher,1037,1061
Teacher,1027,1074
Teacher,1024,1085
Teacher,1029,1079
Teacher,1022,1087
Teacher,1024,1088
Teacher,1022,1070
Teacher,1029,1057
Teacher,1308,996
Teacher,1254,951
Teacher,1264,897
Teacher,653,853
Teacher,1154,747
Teacher,644,738
Teacher,645,669
Teacher,1155,653
Teacher,1137,598
Teacher,1127,585
Teacher,665,550
Teacher,1111,539
Teacher,1099,518
Teacher,1094,506
Teacher,656,484
Teacher,662,475
Teacher,668,463
Teacher,675,456
Teacher,1083,472
Teacher,1083,467
Teacher,1083,466
Teacher,1087,469
Teacher,1086,464
Teacher,1089,460
Teacher,1091,464
Teacher,1093,455
Teacher,1094,448
Teacher,1104,455
Teacher,1111,449
Teacher,1127,453
Teacher,1140,452
Teacher,1154,453
Teacher,1167,458
Teacher,1177,456
Teacher,1185,462
Teacher,649,451
Teacher,1175,462
Teacher,1165,456
Teacher,1152,448
Teacher,1149,451
Teacher,1133,440
Teacher,1131,444
Teacher,1125,450
Teacher,1117,454
Teacher,1110,447
Teacher,1105,447
Teacher,1100,453
Teacher,1097,453
Teacher,1096,450
Teacher,686,452
Teacher,684,453
Teacher,689,446
Teacher,1095,448
Teacher,1101,452
Teacher,1106,456
Teacher,1116,459
Teacher,1122,448
Teacher,1137,452
Teacher,1150,455
Teacher,1157,466
Teacher,1163,474
Teacher,639,453
Teacher,637,456
Teacher,637,459
Teacher,634,462
Teacher,634,462
Teacher,632,462
Teacher,632,461
Teacher,634,462
Teacher,646,461
Teacher,1143,460
Teacher,1139,451
Teacher,1131,448
Teacher,1124,450
Teacher,1123,463
Teacher,1115,465
Teacher,1106,463
Teacher,1103,465
Teacher,706,451
Teacher,709,457
Teacher,713,466
Teacher,717,478
Teacher,734,497
Teacher,733,515
Teacher,740,537
Teacher,740,574
Teacher,749,610
Teacher,1104,615
Teacher,1105,650
Teacher,747,773
Teacher,748,826
Teacher,733,886
Teacher,728,945
Teacher,732,997
Teacher,1125,886
Teacher,1124,971
Teacher,1125,1020
Teacher,1139,1045
Teacher,1123,1051
Teacher,1128,1064
Teacher,1129,1073
Teacher,1128,1077
Teacher,1131,1077
Teacher,1136,1074
Teacher,1137,1079
Teacher,1139,1058
Teacher,1138,1054
Teacher,1137,1054
Teacher,1138,1051
Teacher,1137,1052
Teacher,1135,1044
Teacher,1137,1044
Teacher,1137,1036
Teacher,1137,1043
Teacher,1137,1046
Teacher,1137,1045
Teacher,1134,1052
Teacher,1129,1054
Teacher,1130,1049
Teacher,1127,1049
Teacher,1128,1055
Teacher,1308,938
Teacher,1219,813
Teacher,620,665
Teacher,622,641
Teacher,621,616
Teacher,624,583
Teacher,608,573
Teacher,611,543
Teacher,613,527
Teacher,620,511
Teacher,626,501
Teacher,628,494
Teacher,633,488
Teacher,639,480
Teacher,650,474
Teacher,654,472
Teacher,655,472
Teacher,658,468
Teacher,656,465
Teacher,1190,491
Teacher,1203,490
Teacher,1216,489
Teacher,635,461
Teacher,627,462
Teacher,1263,497
Teacher,1274,490
Teacher,1281,493
Teacher,1273,485
Teacher,1271,492
Teacher,1261,487
Teacher,624,482
Teacher,623,485
Teacher,627,485
Teacher,633,489
Teacher,638,496
Teacher,1188,505
Teacher,1177,505
Teacher,648,511
Teacher,655,513
Teacher,655,516
Teacher,657,516
Teacher,662,518
Teacher,666,516
Teacher,666,517
Teacher,1161,495
Teacher,1173,495
Teacher,1171,493
Teacher,1180,495
Teacher,1186,505
Teacher,1186,508
Teacher,1189,512
Teacher,1200,525
Teacher,643,552
Teacher,642,554
Teacher,643,553
Teacher,642,551
Teacher,640,553
Teacher,1196,532
Teacher,642,543
Teacher,644,541
Teacher,645,535
Teacher,648,529
Teacher,648,524
Teacher,650,521
Teacher,1159,515
Teacher,660,516
Teacher,1151,510
Teacher,1148,512
Teacher,1144,515
Teacher,675,538
Teacher,687,546
Teacher,693,554
Teacher,699,565
Teacher,699,587
Teacher,709,608
Teacher,716,635
Teacher,723,659
Teacher,1127,656
Teacher,1129,681
Teacher,1136,707
Teacher,727,822
Teacher,723,875
Teacher,1137,810
Teacher,711,979
Teacher,1140,876
Teacher,1139,915
Teacher,1138,952
Teacher,1149,988
Teacher,1146,1012
Teacher,1146,1048
Teacher,1138,1065
Teacher,1132,1095
Teacher,1113,1125
Teacher,1101,1116
Teacher,1112,1125
Teacher,1119,1128
Teacher,1101,1114
Teacher,1093,1127
Teacher,1109,1119
Teacher,1187,1014
Teacher,1207,965
Teacher,1204,903
Teacher,601,840
Teacher,1179,794
Teacher,1180,745
Teacher,1165,709
Teacher,640,653
Teacher,1136,664
Teacher,1124,642
Teacher,657,592
Teacher,650,587
Teacher,651,568
Teacher,656,554
Teacher,1093,569
Teacher,1090,555
Teacher,1090,553
Teacher,1088,544
Teacher,1089,541
Teacher,1090,536
Teacher,1093,531
Teacher,1098,531
Teacher,1103,532
Teacher,1105,527
Teacher,1114,526
Teacher,1110,521
Teacher,1122,528
Teacher,1129,530
Teacher,1130,531
Teacher,1137,534
Teacher,1141,530
Teacher,1138,528
Teacher,653,502
Teacher,1123,526
Teacher,1122,519
Teacher,1116,517
Teacher,1111,515
Teacher,1110,513
Teacher,1105,509
Teacher,1103,509
Teacher,1104,507
Teacher,1099,507
Teacher,1104,507
Teacher,1102,503
Teacher,1106,506
Teacher,1104,504
Teacher,1108,505
Teacher,1111,511
Teacher,1111,509
Teacher,1114,506
Teacher,1125,509
Teacher,1126,507
Teacher,1137,510
Teacher,1142,514
Teacher,639,518
Teacher,636,519
Teacher,638,519
Teacher,637,520
Teacher,635,520
Teacher,634,519
Teacher,636,516
Teacher,635,513
Teacher,635,508
Teacher,632,506
Teacher,632,509
Teacher,634,505
Teacher,638,506
Teacher,641,507
Teacher,635,503
Teacher,633,509
Teacher,638,508
Teacher,1122,506
Teacher,1120,510
Teacher,1121,513
Teacher,656,553
Teacher,1120,576
Teacher,1122,611
Teacher,1128,640
Teacher,1119,680
Teacher,1121,715
Teacher,1122,759
Teacher,1124,803
Teacher,1119,854
Teacher,708,1070
Teacher,1119,1057
Teacher,1115,1085
Teacher,1105,1087
Teacher,1116,1091
Teacher,1166,990
Teacher,656,578
Teacher,622,648
Teacher,603,625
Teacher,1208,589
Teacher,592,578
Teacher,592,551
Teacher,592,529
Teacher,1182,495
Teacher,1176,476
Teacher,615,496
Teacher,621,490
Teacher,627,484
Teacher,636,472
Teacher,639,468
Teacher,638,466
Teacher,639,464
Teacher,629,460
Teacher,624,461
Teacher,619,461
Teacher,619,458
Teacher,1214,452
Teacher,1217,459
Teacher,616,448
Teacher,613,450
Teacher,616,446
Teacher,618,447
Teacher,618,447
Teacher,622,447
Teacher,625,449
Teacher,631,447
Teacher,632,449
Teacher,631,453
Teacher,632,453
Teacher,633,457
Teacher,1136,462
Teacher,639,462
Teacher,641,464
Teacher,643,463
Teacher,644,464
Teacher,644,461
Teacher,637,460
Teacher,628,468
Teacher,622,470
Teacher,620,476
Teacher,619,477
Teacher,615,478
Teacher,620,475
Teacher,623,476
Teacher,623,477
Teacher,1198,490
Teacher,1194,486
Teacher,1184,478
Teacher,630,472
Teacher,629,471
Teacher,632,470
Teacher,635,474
Teacher,640,483
Teacher,643,489
Teacher,639,505
Teacher,630,538
Teacher,631,567
Teacher,1166,614
Teacher,1162,658
Teacher,1160,696
Teacher,1148,737
Teacher,1152,801
Teacher,1151,852
Teacher,1155,902
Teacher,1148,962
Teacher,1143,1005
Teacher,1147,1042
Teacher,1151,1056
Teacher,1144,1112
Teacher,1146,1122
Teacher,1136,1137
Teacher,1120,1141
Teacher,1107,1151
Teacher,1101,1131
Teacher,1076,1139
Teacher,1084,1147
Teacher,1135,1116
Teacher,1122,1113
Teacher,1160,1082
Teacher,1158,1089
Teacher,1124,1106
Teacher,1120,1110
Teacher,1121,1115
Teacher,1120,1107
Teacher,1122,1093
Teacher,1126,1084
Teacher,1128,1086
Teacher,1124,1096
Teacher,1144,1087
Teacher,1118,1109
Teacher,1120,1127
Teacher,1108,1146
Teacher,1199,1011
Teacher,1220,978
Teacher,1213,907
Teacher,1211,848
Teacher,1207,796
Teacher,632,724
Teacher,644,657
Teacher,1167,661
Teacher,647,598
Teacher,645,586
Teacher,646,574
Teacher,650,559
Teacher,656,546
Teacher,1127,560
Teacher,1125,559
Teacher,1125,559
Teacher,1124,558
Teacher,1123,557
Teacher,1127,558
Teacher,1130,556
Teacher,1140,563
Teacher,1148,566
Teacher,1150,564
Teacher,1155,568
Teacher,687,521
Teacher,682,521
Teacher,679,524
Teacher,1160,563
Teacher,1157,556
Teacher,1152,545
Teacher,1149,539
Teacher,1145,539
Teacher,1142,532
Teacher,1136,527
Teacher,1131,525
Teacher,1124,522
Teacher,1117,521
Teacher,1114,522
Teacher,1111,520
Teacher,1109,520
Teacher,1106,517
Teacher,1106,516
Teacher,1107,515
Teacher,1109,515
Teacher,1109,513
Teacher,1116,514
Teacher,1117,510
Teacher,1122,509
Teacher,1130,509
Teacher,1135,507
Teacher,683,494
Teacher,677,496
Teacher,1154,518
Teacher,1151,522
Teacher,1155,525
Teacher,1164,518
Teacher,1156,523
Teacher,1160,516
Teacher,1149,509
Teacher,1146,505
Teacher,663,490
Teacher,1144,488
Teacher,1134,477
Teacher,1128,468
Teacher,671,471
Teacher,681,458
Teacher,684,454
Teacher,1114,474
Teacher,1104,470
Teacher,1099,470
Teacher,1095,478
Teacher,1097,487
Teacher,1087,490
Teacher,1086,501
Teacher,1086,521
Teacher,1087,542
Teacher,711,555
Teacher,1097,602
Teacher,1099,633
Teacher,692,669
Teacher,1115,698
Teacher,1126,732
Teacher,1132,760
Teacher,1134,795
Teacher,1132,810
Teacher,1139,836
Teacher,1142,847
Teacher,1140,869
Teacher,1143,889
Teacher,1143,907
Teacher,1145,926
Teacher,1149,940
Teacher,1150,954
Teacher,1156,969
Teacher,1158,990
Teacher,1157,985
Teacher,1135,1019
Teacher,1135,1026
Teacher,1135,1035
Teacher,1133,1037
Teacher,1131,1043
Teacher,1130,1053
Teacher,1132,1058
Teacher,1129,1057
Teacher,1128,1059
Teacher,1127,1058
Teacher,1125,1049
Teacher,1125,1051
Teacher,1124,1049
Teacher,1128,1047
Teacher,1125,1047
Teacher,1125,1049
Teacher,1125,1048
Teacher,1125,1043
Teacher,1127,1044
Teacher,1127,1042
Teacher,1127,1040
Teacher,1129,1040
Teacher,1129,1043
Teacher,1003,841
Teacher,441,767
Teacher,448,715
Teacher,448,682
Teacher,466,649
Teacher,470,633
Teacher,480,616
Teacher,983,618
Teacher,982,605
Teacher,986,595
Teacher,989,587
Teacher,994,583
Teacher,510,571
Teacher,518,570
Teacher,519,565
Teacher,518,567
Teacher,521,568
Teacher,526,569
Teacher,525,572
Teacher,532,573
Teacher,537,571
Teacher,542,568
Teacher,555,565
Teacher,565,564
Teacher,574,561
Teacher,1134,573
Teacher,1143,581
Teacher,1147,578
Teacher,608,554
Teacher,617,553
Teacher,621,552
Teacher,630,548
Teacher,634,546
Teacher,640,545
Teacher,1180,547
Teacher,653,541
Teacher,657,540
Teacher,663,536
Teacher,670,532
Teacher,673,526
Teacher,676,526
Teacher,680,526
Teacher,683,528
Teacher,692,531
Teacher,698,538
Teacher,710,536
Teacher,719,531
Teacher,728,525
Teacher,1257,557
Teacher,1261,564
Teacher,1256,558
Teacher,1255,562
Teacher,1257,570
Teacher,1261,582
Teacher,1266,601
Teacher,769,629
Teacher,767,661
Teacher,776,696
Teacher,1282,699
Teacher,1295,743
Teacher,1299,785
Teacher,823,670
Teacher,1307,901
Teacher,1303,961
Teacher,1299,1023
Teacher,1300,1072
Teacher,840,1091
Yes,581,1079
Yes,572,1043
Yes,568,1003
Yes,569,963
Yes,572,926
Yes,574,888
Yes,577,856
Yes,580,830
Yes,585,807
Yes,589,787
Yes,592,771
Yes,594,764
Yes,600,755
Yes,605,753
Yes,616,762
Yes,620,761
Yes,595,759
Yes,562,732
Yes,614,729
Yes,629,711
Yes,609,730
Yes,629,749
Yes,628,771
Yes,628,774
Yes,620,821
Yes,626,797
Yes,619,828
Yes,595,882
Yes,595,880
Yes,622,874
Yes,612,864
Yes,613,859
Yes,611,849
Yes,608,842
Yes,606,838
Yes,605,833
Yes,604,832
Yes,601,831
Yes,599,833
Yes,598,831
Yes,599,832
Yes,601,830
Yes,599,829
Yes,591,820
Yes,617,772
Yes,627,752
Yes,602,778
Yes,609,804
Yes,604,807
Yes,600,814
Yes,620,819
Yes,620,821
Yes,598,821
Yes,598,823
Yes,618,830
Yes,625,836
Yes,623,841
Yes,605,842
Yes,629,861
Yes,614,862
Yes,625,872
Yes,619,884
Yes,616,899
Yes,595,935
Yes,636,1044
Yes,644,978
Yes,643,933
Yes,634,891
Yes,633,853
Yes,630,823
Yes,631,799
Yes,628,778
Yes,626,765
Yes,625,752
Yes,625,743
Yes,623,738
Yes,626,735
Yes,628,737
Yes,630,741
Yes,633,745
Yes,637,752
Yes,640,762
Yes,643,774
Yes,635,778
Yes,605,757
Yes,656,711
Yes,628,725
Yes,633,751
Yes,661,776
Yes,650,799
Yes,641,813
Yes,633,807
Yes,602,876
Yes,609,878
Yes,626,863
Yes,629,864
Yes,628,858
Yes,627,849
Yes,629,839
Yes,626,841
Yes,627,839
Yes,624,841
Yes,627,840
Yes,626,831
Yes,612,839
Yes,591,823
Yes,627,752
Yes,648,767
Yes,639,790
Yes,639,809
Yes,642,846
Yes,614,836
Yes,604,843
Yes,593,845
Yes,592,853
Yes,590,852
Yes,590,867
Yes,596,877
Yes,617,886
Yes,602,886
Yes,598,887
Yes,603,889
Yes,597,903
Yes,604,923
Yes,609,935
Yes,604,960
Yes,675,1098
Yes,690,1080
Yes,681,1048
Yes,675,986
Yes,671,935
Yes,676,893
Yes,677,860
Yes,677,831
Yes,678,814
Yes,680,795
Yes,678,784
Yes,680,776
Yes,682,771
Yes,685,770
Yes,688,772
Yes,691,777
Yes,689,775
Yes,654,760
Yes,671,738
Yes,662,765
Yes,666,779
Yes,669,790
Yes,670,789
Yes,675,811
Yes,672,803
Yes,666,811
Yes,664,802
Yes,664,815
Yes,656,851
Yes,673,848
Yes,677,851
Yes,669,845
Yes,663,842
Yes,658,841
Yes,657,838
Yes,656,836
Yes,654,836
Yes,655,834
Yes,653,839
Yes,657,840
Yes,654,832
Yes,635,837
Yes,645,785
Yes,661,768
Yes,640,770
Yes,646,792
Yes,649,805
Yes,642,813
Yes,641,814
Yes,639,817
Yes,639,816
Yes,641,820
Yes,646,823
Yes,641,826
Yes,645,826
Yes,637,829
Yes,639,837
Yes,636,841
Yes,640,852
Yes,636,868
Yes,641,892
Yes,649,974
Yes,527,1086
Yes,543,1064
Yes,540,1033
Yes,550,993
Yes,558,957
Yes,566,921
Yes,573,887
Yes,578,859
Yes,584,835
Yes,591,816
Yes,597,800
Yes,603,782
Yes,609,772
Yes,611,761
Yes,620,751
Yes,620,748
Yes,624,745
Yes,606,727
Yes,601,729
Yes,621,679
Yes,630,701
Yes,652,678
Yes,658,710
Yes,655,733
Yes,651,741
Yes,647,746
Yes,636,754
Yes,626,770
Yes,621,773
Yes,615,775
Yes,590,792
Yes,598,836
Yes,598,846
Yes,602,838
Yes,602,832
Yes,596,836
Yes,590,831
Yes,593,829
Yes,593,827
Yes,595,826
Yes,589,825
Yes,587,834
Yes,590,842
Yes,578,840
Yes,557,817
Yes,585,768
Yes,596,751
Yes,591,740
Yes,590,769
Yes,594,775
Yes,589,775
Yes,586,774
Yes,586,775
Yes,587,776
Yes,582,772
Yes,586,777
Yes,586,778
Yes,583,780
Yes,583,783
Yes,579,784
Yes,579,790
Yes,584,801
Yes,573,805
Yes,573,811
Yes,570,818
Yes,575,831
Yes,580,850
Yes,573,868
Yes,569,932
Yes,563,945
Yes,571,952
Yes,454,934
Yes,411,907
Yes,406,845
Yes,424,902
Yes,439,851
Yes,433,825
Yes,420,791
Yes,413,753
Yes,408,737
Yes,406,721
Yes,407,707
Yes,406,699
Yes,405,695
Yes,405,684
Yes,406,683
Yes,412,681
Yes,414,683
Yes,420,683
Yes,426,686
Yes,430,686
Yes,433,695
Yes,427,674
Yes,438,642
Yes,435,662
Yes,451,660
Yes,460,669
Yes,462,680
Yes,462,684
Yes,457,700
Yes,453,706
Yes,448,725
Yes,450,739
Yes,463,729
Yes,456,731
Yes,450,724
Yes,446,724
Yes,445,725
Yes,444,724
Yes,446,723
Yes,446,729
Yes,452,732
Yes,462,732
Yes,463,736
Yes,442,724
Yes,463,687
Yes,474,683
Yes,473,697
Yes,473,719
Yes,496,706
Yes,496,721
Yes,500,724
Yes,498,739
Yes,535,742
Yes,514,761
Yes,518,753
Yes,521,756
Yes,527,775
Yes,533,798
Yes,534,814
Yes,552,829
Yes,554,930
Yes,566,948
Yes,620,848
Yes,630,805
Yes,641,766
Yes,643,745
Yes,649,723
Yes,649,705
Yes,652,689
Yes,651,677
Yes,657,667
Yes,659,664
Yes,661,659
Yes,662,657
Yes,664,658
Yes,666,659
Yes,668,662
Yes,670,665
Yes,672,668
Yes,676,676
Yes,681,684
Yes,690,690
Yes,673,689
Yes,662,622
Yes,674,661
Yes,679,667
Yes,691,651
Yes,670,699
Yes,669,694
Yes,668,689
Yes,665,690
Yes,656,688
Yes,653,711
Yes,650,720
Yes,658,727
Yes,663,715
Yes,657,709
Yes,644,712
Yes,641,710
Yes,642,712
Yes,639,710
Yes,638,711
Yes,638,717
Yes,635,719
Yes,640,722
Yes,646,716
Yes,639,711
Yes,622,716
Yes,626,703
Yes,636,687
Yes,648,671
Yes,654,684
Yes,660,669
Yes,637,659
Yes,652,687
Yes,645,702
Yes,639,713
Yes,634,716
Yes,633,717
Yes,628,727
Yes,627,732
Yes,628,739
Yes,629,735
Yes,629,740
Yes,627,731
Yes,625,746
Yes,622,758
Yes,620,766
Yes,619,770
Yes,618,784
Yes,619,793
Yes,619,818
Yes,618,851
Yes,619,858
Yes,624,871
Yes,615,935
Yes,604,791
Yes,603,766
Yes,605,746
Yes,609,730
Yes,611,717
Yes,614,708
Yes,619,701
Yes,623,697
Yes,630,696
Yes,641,696
Yes,632,692
Yes,625,670
Yes,641,705
Yes,634,712
Yes,636,719
Yes,619,715
Yes,631,717
Yes,639,725
Yes,640,722
Yes,644,729
Yes,646,730
Yes,635,721
Yes,650,732
Yes,662,733
Yes,657,734
Yes,650,732
Yes,645,733
Yes,644,734
Yes,648,730
Yes,652,739
Yes,650,741
Yes,652,744
Yes,652,747
Yes,655,752
Yes,641,757
Yes,641,732
Yes,675,691
Yes,648,713
Yes,661,728
Yes,660,749
Yes,664,744
Yes,659,743
Yes,650,750
Yes,650,760
Yes,643,776
Yes,644,772
Yes,643,765
Yes,643,774
Yes,642,762
Yes,641,777
Yes,642,784
Yes,645,789
Yes,643,800
Yes,643,812
Yes,636,819
Yes,641,832
Yes,644,799
Yes,653,833
Yes,651,868
Yes,649,887
Yes,478,1077
Yes,510,1069
Yes,514,1030
Yes,528,972
Yes,530,943
Yes,540,911
Yes,548,880
Yes,550,866
Yes,553,845
Yes,557,826
Yes,560,818
Yes,568,805
Yes,572,799
Yes,574,794
Yes,580,791
Yes,584,788
Yes,593,783
Yes,600,785
Yes,608,783
Yes,612,792
Yes,613,787
Yes,594,772
Yes,618,745
Yes,632,724
Yes,621,722
Yes,613,785
Yes,618,787
Yes,623,763
Yes,622,760
Yes,613,818
Yes,612,822
Yes,609,833
Yes,600,830
Yes,621,859
Yes,614,851
Yes,616,843
Yes,609,845
Yes,607,841
Yes,608,841
Yes,607,839
Yes,608,838
Yes,607,840
Yes,607,837
Yes,603,840
Yes,603,842
Yes,606,836
Yes,589,841
Yes,600,832
Yes,610,795
Yes,625,755
Yes,627,783
Yes,627,791
Yes,632,787
Yes,617,763
Yes,614,768
Yes,624,780
Yes,624,773
Yes,623,776
Yes,620,785
Yes,625,797
Yes,629,791
Yes,627,804
Yes,625,807
Yes,620,796
Yes,645,794
Yes,634,806
Yes,627,813
Yes,622,799
Yes,624,800
Yes,629,801
Yes,631,804
Yes,622,814
Yes,616,836
Yes,616,835
Yes,611,854
Yes,607,877
Yes,613,909
Yes,604,936
Yes,615,962
Yes,602,1025
Yes,609,1069
Yes,607,1024
Yes,607,970
Yes,609,921
Yes,610,885
Yes,613,849
Yes,615,818
Yes,618,793
Yes,619,775
Yes,622,761
Yes,629,752
Yes,634,747
Yes,642,747
Yes,656,749
Yes,651,734
Yes,648,676
Yes,692,662
Yes,648,708
Yes,612,727
Yes,694,741
Yes,690,751
Yes,687,762
Yes,669,800
Yes,647,810
Yes,631,860
Yes,636,880
Yes,643,883
Yes,650,860
Yes,643,856
Yes,637,852
Yes,631,846
Yes,636,843
Yes,634,837
Yes,635,835
Yes,633,829
Yes,634,828
Yes,632,827
Yes,629,828
Yes,627,824
Yes,623,817
Yes,607,826
Yes,620,793
Yes,619,757
Yes,601,749
Yes,675,715
Yes,642,743
Yes,637,757
Yes,681,757
Yes,697,750
Yes,671,764
Yes,664,765
Yes,676,763
Yes,670,766
Yes,670,769
Yes,672,776
Yes,674,776
Yes,671,782
Yes,650,790
Yes,669,786
Yes,668,793
Yes,665,795
Yes,661,814
Yes,652,830
Yes,646,838
Yes,604,862
Yes,623,886
Yes,629,925
Yes,632,955
Sit,990,991
Sit,995,944
Sit,993,909
Sit,1007,883
Sit,1003,861
Sit,999,842
Sit,1005,830
Sit,1002,824
Sit,1008,817
Sit,1009,814
Sit,1004,819
Sit,1000,823
Sit,1004,827
Sit,996,833
Sit,1002,839
Sit,998,847
Sit,995,850
Sit,983,858
Sit,983,865
Sit,987,865
Sit,986,866
Sit,991,866
Sit,991,865
Sit,993,860
Sit,1235,768
Sit,998,851
Sit,1235,790
Sit,1008,822
Sit,1000,840
Sit,1002,837
Sit,1001,837
Sit,992,839
Sit,993,843
Sit,992,849
Sit,986,855
Sit,984,857
Sit,1242,748
Sit,1239,752
Sit,1238,749
Sit,1229,763
Sit,1245,740
Sit,1237,757
Sit,1224,777
Sit,973,856
Sit,1221,782
Sit,1233,768
Sit,969,853
Sit,967,853
Sit,967,854
Sit,968,853
Sit,967,853
Sit,964,854
Sit,1293,955
Sit,1300,916
Sit,1081,980
Sit,1066,880
Sit,1066,836
Sit,1052,804
Sit,1060,752
Sit,1063,737
Sit,1065,723
Sit,1072,717
Sit,1074,712
Sit,1349,719
Sit,1074,710
Sit,1078,711
Sit,1084,714
Sit,1087,717
Sit,1090,720
Sit,1093,724
Sit,1096,729
Sit,1094,730
Sit,1102,732
Sit,1110,735
Sit,1115,740
Sit,1116,741
Sit,1116,739
Sit,1116,740
Sit,1115,738
Sit,1112,735
Sit,1101,731
Sit,1105,729
Sit,1101,725
Sit,1098,721
Sit,1100,712
Sit,1089,708
Sit,1092,711
Sit,1094,722
Sit,1093,728
Sit,1084,736
Sit,1085,742
Sit,1088,743
Sit,1098,735
Sit,1083,725
Sit,1082,725
Sit,1085,725
Sit,1090,722
Sit,1090,722
Sit,1085,722
Sit,1084,720
Sit,1081,722
Sit,1082,724
Sit,1081,728
Sit,1078,729
Sit,1079,727
Sit,1081,731
Sit,1079,733
Sit,1075,739
Sit,1071,741
Sit,1077,743
Sit,1071,748
Sit,1060,753
Sit,1063,758
Sit,1063,763
Sit,1058,774
Sit,1264,768
Sit,1080,996
Sit,1070,938
Sit,1074,890
Sit,1075,845
Sit,1069,796
Sit,1065,757
Sit,1068,725
Sit,1077,695
Sit,1080,674
Sit,1089,662
Sit,1098,653
Sit,1080,652
Sit,1085,653
Sit,1086,655
Sit,1082,659
Sit,1085,668
Sit,1085,675
Sit,1083,684
Sit,1083,693
Sit,1083,703
Sit,1085,710
Sit,1081,715
Sit,1082,723
Sit,1076,730
Sit,1082,737
Sit,1076,741
Sit,1081,746
Sit,1089,751
Sit,1087,751
Sit,1086,753
Sit,1082,751
Sit,1077,750
Sit,1079,746
Sit,1084,748
Sit,1085,746
Sit,1085,740
Sit,1082,737
Sit,1083,732
Sit,1084,729
Sit,1076,716
Sit,1081,719
Sit,1079,729
Sit,1076,735
Sit,1069,741
Sit,1068,746
Sit,1066,747
Sit,1063,746
Sit,1064,744
Sit,1067,741
Sit,1063,740
Sit,1068,739
Sit,1062,739
Sit,1066,738
Sit,1065,738
Sit,1067,736
Sit,1066,736
Sit,1054,1002
Sit,1039,939
Sit,1047,885
Sit,1052,840
Sit,1048,802
Sit,1058,777
Sit,1063,751
Sit,1063,735
Sit,1081,726
Sit,1083,724
Sit,1084,724
Sit,1081,725
Sit,1089,728
Sit,1090,734
Sit,1089,741
Sit,1098,751
Sit,1093,757
Sit,1098,768
Sit,1095,775
Sit,1102,788
Sit,1097,792
Sit,1092,798
Sit,1086,804
Sit,1089,808
Sit,1094,811
Sit,1095,811
Sit,1093,810
Sit,1093,808
Sit,1094,807
Sit,1087,804
Sit,1088,800
Sit,1078,794
Sit,1079,789
Sit,1075,784
Sit,1071,778
Sit,1083,770
Sit,1271,744
Sit,1077,761
Sit,1250,749
Sit,1244,724
Sit,1075,780
Sit,1070,788
Sit,1270,732
Sit,1259,743
Sit,1279,730
Sit,1284,736
Sit,1284,713
Sit,1283,725
Sit,1285,735
Sit,1283,734
Sit,1275,737
Sit,1280,731
Sit,1288,730
Sit,1282,736
Sit,1280,719
Sit,1280,728
Sit,1279,739
Sit,1262,726
Sit,1249,733
Sit,1243,758
Sit,1272,759
Sit,1239,772
Sit,1060,805
Sit,1051,812
Sit,1051,819
Sit,1202,790
Sit,1221,826
Sit,1228,843
Sit,1051,878
Sit,1238,783
Sit,1058,931
Sit,1051,991
Sit,1045,935
Sit,1036,887
Sit,1038,853
Sit,1044,826
Sit,1046,805
Sit,1052,793
Sit,1042,790
Sit,1042,789
Sit,1052,787
Sit,1054,790
Sit,1059,794
Sit,1060,798
Sit,1067,801
Sit,1062,807
Sit,1066,811
Sit,1067,813
Sit,1075,813
Sit,1073,817
Sit,1076,816
Sit,1080,814
Sit,1080,811
Sit,1070,808
Sit,1067,805
Sit,1070,792
Sit,1068,795
Sit,1332,745
Sit,1246,750
Sit,1276,723
Sit,1260,735
Sit,1274,717
Sit,1314,715
Sit,1307,744
Sit,1301,739
Sit,1311,712
Sit,1313,730
Sit,1312,716
Sit,1313,721
Sit,1312,714
Sit,1315,731
Sit,1312,729
Sit,1311,728
Sit,1314,731
Sit,1309,726
Sit,1309,730
Sit,1303,736
Sit,1308,722
Sit,1309,729
Sit,1301,739
Sit,958,795
Sit,952,797
Sit,951,799
Sit,952,802
Sit,945,805
Sit,946,809
Sit,941,813
Sit,945,817
Sit,948,821
Sit,948,825
Sit,947,826
Sit,955,823
Sit,961,826
Sit,960,826
Sit,962,827
Sit,964,825
Sit,967,824
Sit,963,820
Sit,963,817
Sit,968,815
Sit,967,816
Sit,962,815
Sit,954,811
Sit,967,813
Sit,967,808
Sit,967,809
Sit,965,816
Sit,967,817
Sit,963,829
Sit,956,834
Sit,947,837
Sit,939,832
Sit,933,838
Sit,928,841
Sit,931,842
Sit,930,842
Sit,929,840
Sit,929,841
Sit,931,842
Sit,929,841
Sit,929,839
Sit,927,837
Sit,928,837
Sit,928,837
Sit,928,838
Sit,927,841
Sit,927,840
Sit,928,841
Sit,928,841
Sit,926,840
Sit,927,841
Sit,926,841
Sit,926,840
Sit,926,840
Sit,926,838
Sit,929,839
Sit,1018,994
Sit,1012,941
Sit,1006,897
Sit,1008,865
Sit,1014,843
Sit,1020,823
Sit,1026,812
Sit,1023,805
Sit,1023,801
Sit,1031,800
Sit,1027,804
Sit,1035,805
Sit,1037,804
Sit,1043,812
Sit,1035,813
Sit,1024,820
Sit,1025,822
Sit,1035,824
Sit,1040,826
Sit,1049,827
Sit,1049,824
Sit,1050,822
Sit,1059,820
Sit,1058,815
Sit,1064,809
Sit,1060,806
Sit,1068,805
Sit,1070,818
Sit,1245,745
Sit,1064,826
Sit,1056,825
Sit,1058,823
Sit,1057,820
Sit,1052,821
Sit,1049,821
Sit,1048,822
Sit,1044,825
Sit,1043,824
Sit,1038,825
Sit,1035,826
Sit,1036,826
Sit,1034,825
Sit,1032,826
Sit,1032,827
Sit,1033,827
Sit,1032,829
Sit,1029,831
Sit,1034,831
Sit,1032,831
Sit,1030,833
Sit,1029,833
Sit,1030,835
Sit,1030,835
Sit,1020,836
Sit,1020,837
Sit,1019,837
Sit,1020,839
Sit,1199,923
Sit,915,1014
Sit,906,987
Sit,896,958
Sit,896,936
Sit,895,917
Sit,895,901
Sit,894,886
Sit,895,873
Sit,1175,898
Sit,1181,888
Sit,1175,864
Sit,1173,834
Sit,1184,830
Sit,1190,811
Sit,1190,796
Sit,1187,779
Sit,1181,765
Sit,1176,758
Sit,1164,751
Sit,1155,750
Sit,1146,751
Sit,1136,754
Sit,1130,764
Sit,1130,776
Sit,1134,791
Sit,1135,800
Sit,881,808
Sit,882,816
Sit,876,838
Sit,868,843
Sit,867,850
Sit,1132,786
Sit,862,845
Sit,862,842
Sit,862,843
Sit,861,844
Sit,862,843
Sit,862,843
Sit,866,839
Sit,864,841
Sit,863,839
Sit,859,836
Sit,862,833
Sit,862,836
Sit,860,836
Sit,860,839
Sit,858,841
Sit,858,840
Sit,857,842
Sit,855,842
Sit,853,843
Sit,853,844
Sit,853,844
Sit,851,844
Sit,849,844
Sit,850,844
Sit,856,843
Sit,858,845
Sit,862,850
Sit,864,854
Sit,1126,802
Sit,1130,821
Sit,1134,837
Sit,1135,847
Sit,1130,857
Sit,1038,966
Sit,1044,902
Sit,1040,847
Sit,1056,803
Sit,1058,771
Sit,1082,737
Sit,1085,721
Sit,1090,716
Sit,1103,705
Sit,1109,708
Sit,1102,713
Sit,1088,724
Sit,1095,730
Sit,1094,739
Sit,1087,755
Sit,1094,770
Sit,1087,785
Sit,1075,801
Sit,1084,811
Sit,1076,822
Sit,1071,830
Sit,1076,835
Sit,1079,835
Sit,1076,831
Sit,1077,827
Sit,1074,822
Sit,1075,817
Sit,1067,810
Sit,1073,803
Sit,1079,797
Sit,1074,789
Sit,1077,789
Sit,1068,794
Sit,1086,792
Sit,1071,800
Sit,1074,804
Sit,1065,804
Sit,1062,803
Sit,1058,802
Sit,1053,802
Sit,1055,803
Sit,1058,801
Sit,1058,800
Sit,1057,801
Sit,1057,801
Sit,1060,801
Sit,1058,799
Sit,1262,752
Sit,1273,753
Sit,1270,756
Sit,1060,791
Sit,1062,795
Sit,1066,795
Sit,1062,798
Sit,1057,800
Sit,1058,803
Sit,1067,805
Sit,1083,810
Sit,1062,817
Sit,1063,825
Sit,1074,837
Sit,1250,802
Sit,1059,876
Sit,1050,896
Sit,1029,953
Sit,1020,994
Sit,1296,938
Sit,1292,980
Sit,1021,973
Sit,1007,906
Sit,1008,855
Sit,1015,811
Sit,1010,777
Sit,1004,749
Sit,1026,724
Sit,1035,712
Sit,1035,700
Sit,1040,697
Sit,1043,697
Sit,1053,696
Sit,1063,696
Sit,1050,706
Sit,1047,710
Sit,1042,717
Sit,1300,708
Sit,1307,689
Sit,1056,729
Sit,1065,735
Sit,1063,735
Sit,1062,735
Sit,1063,733
Sit,1066,732
Sit,1066,729
Sit,1061,724
Sit,1061,720
Sit,1050,716
Sit,1050,719
Sit,1291,757
Sit,1258,723
Sit,1055,737
Sit,1055,740
Sit,1046,745
Sit,1051,747
Sit,1044,747
Sit,1040,745
Sit,1036,745
Sit,1036,744
Sit,1036,744
Sit,1037,745
Sit,1037,745
Sit,1037,743
Sit,1037,742
Sit,1038,743
Sit,1037,742
Sit,1040,741
Sit,1035,742
Sit,1034,743
Sit,1034,745
Sit,1036,746
Sit,1039,747
Sit,1038,750
Why,410,1001
Why,411,747
Why,392,683
Why,475,470
Why,495,471
Why,534,409
Why,579,348
Why,620,307
Why,651,283
Why,672,266
Why,694,251
Why,715,239
Why,726,236
Why,737,236
Why,742,231
Why,747,231
Why,750,230
Why,748,233
Why,746,232
Why,740,236
Why,739,237
Why,732,241
Why,730,227
Why,714,221
Why,718,209
Why,667,207
Why,629,222
Why,601,212
Why,541,226
Why,529,227
Why,517,228
Why,516,225
Why,522,220
Why,517,216
Why,529,237
Why,536,236
Why,539,234
Why,542,232
Why,543,231
Why,539,229
Why,537,231
Why,541,226
Why,541,227
Why,540,223
Why,544,223
Why,540,224
Why,545,221
Why,549,225
Why,552,227
Why,556,223
Why,559,223
Why,563,221
Why,567,222
Why,566,220
Why,569,219
Why,570,217
Why,577,213
Why,186,893
Why,198,760
Why,250,654
Why,277,580
Why,314,516
Why,345,467
Why,388,413
Why,427,375
Why,465,346
Why,493,330
Why,519,315
Why,541,314
Why,562,305
Why,565,299
Why,571,300
Why,578,303
Why,587,303
Why,592,302
Why,597,298
Why,603,298
Why,605,296
Why,610,298
Why,614,300
Why,619,296
Why,622,293
Why,619,291
Why,617,289
Why,612,289
Why,608,285
Why,603,277
Why,593,273
Why,593,261
Why,571,264
Why,529,272
Why,498,283
Why,473,285
Why,453,287
Why,449,302
Why,432,305
Why,438,299
Why,443,302
Why,453,301
Why,454,302
Why,456,309
Why,463,311
Why,462,315
Why,461,316
Why,462,318
Why,466,318
Why,466,316
Why,465,319
Why,468,321
Why,469,321
Why,472,327
Why,475,327
Why,475,329
Why,480,331
Why,483,331
Why,481,330
Why,481,334
Why,482,333
Why,486,333
Why,590,1024
Why,540,977
Why,551,894
Why,561,811
Why,571,729
Why,593,656
Why,586,599
Why,599,547
Why,623,486
Why,639,438
Why,667,402
Why,679,375
Why,700,346
Why,716,328
Why,722,314
Why,722,307
Why,718,298
Why,718,290
Why,708,289
Why,700,286
Why,694,289
Why,679,292
Why,664,296
Why,650,295
Why,635,291
Why,620,294
Why,607,294
Why,590,294
Why,575,294
Why,558,302
Why,551,303
Why,545,303
Why,541,296
Why,536,292
Why,533,288
Why,532,287
Why,533,287
Why,531,293
Why,524,299
Why,524,298
Why,523,301
Why,520,303
Why,520,308
Why,518,309
Why,517,309
Why,517,310
Why,516,308
Why,515,307
Why,512,307
Why,515,310
Why,510,319
Why,510,326
Why,510,332
Why,506,348
Why,506,374
Why,498,421
Why,502,488
Why,490,588
Why,464,759
Why,460,878
Why,464,996
Why,683,907
Why,686,794
Why,694,716
Why,698,646
Why,707,582
Why,717,525
Why,725,480
Why,725,440
Why,730,420
Why,734,407
Why,731,393
Why,731,385
Why,726,379
Why,722,376
Why,714,376
Why,701,374
Why,688,370
Why,673,367
Why,659,360
Why,644,356
Why,632,353
Why,618,353
Why,599,365
Why,589,363
Why,582,366
Why,574,369
Why,570,366
Why,570,356
Why,574,356
Why,572,362
Why,577,364
Why,577,361
Why,576,361
Why,582,362
Why,585,355
Why,579,351
Why,582,350
Why,579,355
Why,571,362
Why,572,360
Why,568,362
Why,567,367
Why,566,376
Why,575,378
Why,579,387
Why,578,407
Why,594,425
Why,578,472
Why,602,529
Why,635,579
Why,580,651
Why,527,746
Why,549,825
Why,590,434
Why,607,411
Why,626,381
Why,639,362
Why,654,346
Why,680,329
Why,689,320
Why,694,314
Why,711,308
Why,714,304
Why,715,299
Why,716,290
Why,716,286
Why,718,283
Why,716,279
Why,708,277
Why,705,277
Why,697,277
Why,680,276
Why,674,270
Why,667,264
Why,635,267
Why,610,269
Why,589,279
Why,568,275
Why,548,283
Why,528,275
Why,514,281
Why,512,277
Why,509,277
Why,512,282
Why,520,282
Why,521,288
Why,526,285
Why,532,284
Why,538,286
Why,533,288
Why,537,291
Why,538,290
Why,535,290
Why,524,298
Why,526,295
Why,516,302
Why,512,316
Why,505,327
Why,496,337
Why,492,347
Why,493,365
Why,486,390
Why,474,425
Why,491,463
Why,476,536
Why,496,677
Why,394,798
Why,396,914
Why,424,994
Why,591,975
Why,477,807
Why,491,760
Why,500,721
Why,511,688
Why,517,659
Why,540,617
Why,551,590
Why,570,562
Why,590,536
Why,614,515
Why,636,491
Why,660,473
Why,682,455
Why,699,441
Why,712,425
Why,718,416
Why,720,409
Why,720,399
Why,718,388
Why,717,384
Why,709,381
Why,706,374
Why,697,380
Why,685,376
Why,668,369
Why,656,374
Why,635,378
Why,603,390
Why,569,413
Why,536,421
Why,513,434
Why,498,445
Why,493,449
Why,485,447
Why,487,448
Why,480,451
Why,459,520
Why,460,513
Why,469,504
Why,472,502
Why,480,497
Why,484,499
Why,496,498
Why,499,495
Why,506,493
Why,521,494
Why,534,488
Why,546,483
Why,555,469
Why,564,461
Why,568,448
Why,574,446
Why,576,447
Why,578,445
Why,581,444
Why,582,441
Why,585,439
Why,581,441
Why,586,439
Why,584,439
Why,617,776
Why,637,682
Why,638,607
Why,649,541
Why,641,479
Why,660,424
Why,673,379
Why,680,342
Why,692,316
Why,699,300
Why,700,288
Why,700,275
Why,695,270
Why,681,270
Why,670,263
Why,655,258
Why,637,253
Why,612,248
Why,580,256
Why,557,262
Why,533,269
Why,515,277
Why,505,287
Why,505,284
Why,507,280
Why,515,279
Why,520,283
Why,531,277
Why,534,276
Why,536,277
Why,529,275
Why,527,275
Why,526,277
Why,521,277
Why,519,278
Why,518,281
Why,518,282
Why,519,287
Why,514,295
Why,514,294
Why,512,298
Why,505,305
Why,507,310
Why,501,329
Why,514,346
Why,524,363
Why,516,413
Why,521,467
Why,561,528
Why,583,592
Why,571,690
Why,506,806
Why,511,899
Why,521,989
Why,721,295
Why,726,282
Why,725,276
Why,726,269
Why,718,268
Why,712,261
Why,697,260
Why,683,253
Why,666,239
Why,650,233
Why,618,233
Why,583,237
Why,549,247
Why,521,249
Why,503,252
Why,493,254
Why,490,256
Why,489,259
Why,488,261
Why,494,261
Why,500,262
Why,506,263
Why,510,265
Why,512,265
Why,512,264
Why,511,264
Why,508,265
Why,506,269
Why,502,270
Why,500,273
Why,500,275
Why,502,277
Why,500,279
Why,498,278
Why,497,280
Why,495,282
Why,492,286
Why,492,287
Why,488,289
Why,490,294
Why,488,301
Why,487,310
Why,486,324
Why,485,335
Why,477,343
Why,475,376
Why,471,407
Why,491,449
Why,457,539
Why,470,573
Why,449,641
Why,440,716
Why,436,889
Why,448,984
Why,655,1006
Why,537,1022
Why,569,897
Why,590,774
Why,553,737
Why,619,576
Why,571,585
Why,586,508
Why,603,456
Why,620,403
Why,645,374
Why,667,347
Why,690,322
Why,705,310
Why,712,304
Why,706,300
Why,712,299
Why,712,298
Why,711,298
Why,708,293
Why,706,293
Why,700,292
Why,702,292
Why,696,294
Why,691,293
Why,686,292
Why,676,287
Why,665,279
Why,650,275
Why,625,279
Why,600,282
Why,576,283
Why,555,284
Why,546,277
Why,532,289
Why,529,284
Why,528,286
Why,530,290
Why,543,281
Why,550,284
Why,555,283
Why,554,287
Why,559,290
Why,562,295
Why,594,310
Why,580,312
Why,571,324
Why,569,351
Why,573,383
Why,562,448
Why,534,539
Why,537,602
Why,492,705
Why,482,819
Why,490,938
Why,506,1011
Why,644,1040
Why,651,1000
Why,650,946
Why,670,870
Why,742,764
Why,762,687
Why,748,648
Why,749,601
Why,757,550
Why,782,502
Why,788,469
Why,791,438
Why,803,413
Why,809,393
Why,805,383
Why,809,370
Why,812,365
Why,808,360
Why,802,358
Why,795,357
Why,783,355
Why,765,358
Why,750,349
Why,734,342
Why,723,334
Why,704,330
Why,680,344
Why,658,349
Why,623,362
Why,609,366
Why,605,373
Why,673,355
Why,620,363
Why,617,370
Why,629,372
Why,601,388
Why,597,386
Why,594,389
Why,596,387
Why,597,387
Why,597,390
Why,595,389
Why,591,392
Why,588,394
Why,585,391
Why,584,390
Why,584,394
Why,584,391
Why,588,387
Why,584,391
Why,585,393
Why,584,395
Why,583,398
Why,582,397
Why,580,403
Why,582,403
Why,581,404
Why,582,403
Why,581,407
Why,581,405
Why,579,411
Why,577,416
Why,535,447
Why,567,455
Why,563,480
Why,569,509
Why,551,565
Why,566,640
Why,511,701
Why,483,782
Why,478,854
Why,469,941
Why,484,1002
Why,670,1033
Drop,549,939
Drop,555,813
Drop,538,742
Drop,524,688
Drop,520,634
Drop,512,585
Drop,511,567
Drop,515,529
Drop,524,491
Drop,525,472
Drop,526,461
Drop,528,455
Drop,537,448
Drop,538,439
Drop,537,440
Drop,538,438
Drop,536,432
Drop,534,435
Drop,530,426
Drop,527,444
Drop,570,456
Drop,534,450
Drop,513,470
Drop,543,454
Drop,537,464
Drop,545,468
Drop,539,470
Drop,536,476
Drop,533,477
Drop,525,478
Drop,527,480
Drop,526,480
Drop,527,477
Drop,533,479
Drop,542,483
Drop,544,473
Drop,561,490
Drop,563,505
Drop,561,528
Drop,553,544
Drop,546,574
Drop,544,612
Drop,536,654
Drop,485,868
Drop,483,790
Drop,492,706
Drop,453,654
Drop,443,631
Drop,450,593
Drop,485,491
Drop,474,457
Drop,481,440
Drop,483,436
Drop,486,432
Drop,489,429
Drop,493,434
Drop,489,439
Drop,486,447
Drop,486,460
Drop,491,467
Drop,484,470
Drop,469,485
Drop,463,485
Drop,519,491
Drop,509,489
Drop,507,509
Drop,505,517
Drop,508,527
Drop,509,529
Drop,510,531
Drop,510,531
Drop,508,533
Drop,512,534
Drop,515,535
Drop,512,532
Drop,512,535
Drop,516,540
Drop,513,543
Drop,516,549
Drop,506,554
Drop,508,564
Drop,506,576
Drop,500,589
Drop,502,616
Drop,502,646
Drop,497,678
Drop,493,719
Drop,492,756
Drop,492,809
Drop,591,878
Drop,592,815
Drop,589,750
Drop,590,691
Drop,584,637
Drop,580,593
Drop,612,569
Drop,601,526
Drop,542,525
Drop,563,508
Drop,582,511
Drop,587,483
Drop,579,465
Drop,580,450
Drop,575,455
Drop,577,454
Drop,577,459
Drop,578,456
Drop,588,486
Drop,589,498
Drop,574,483
Drop,583,480
Drop,584,471
Drop,591,469
Drop,581,482
Drop,579,500
Drop,568,493
Drop,603,471
Drop,618,467
Drop,617,478
Drop,609,488
Drop,609,507
Drop,601,499
Drop,602,544
Drop,601,548
Drop,600,549
Drop,603,552
Drop,605,553
Drop,603,551
Drop,601,551
Drop,603,553
Drop,600,557
Drop,604,561
Drop,602,562
Drop,598,569
Drop,597,575
Drop,599,583
Drop,598,593
Drop,597,608
Drop,591,623
Drop,591,648
Drop,588,677
Drop,588,712
Drop,583,751
Drop,576,796
Drop,576,841
Drop,575,891
Drop,538,906
Drop,526,840
Drop,513,775
Drop,501,717
Drop,490,666
Drop,490,620
Drop,495,530
Drop,489,514
Drop,491,497
Drop,499,469
Drop,506,454
Drop,511,454
Drop,510,447
Drop,515,451
Drop,513,452
Drop,507,468
Drop,507,477
Drop,503,484
Drop,513,490
Drop,507,506
Drop,472,526
Drop,533,503
Drop,519,512
Drop,519,529
Drop,519,538
Drop,518,540
Drop,517,541
Drop,517,543
Drop,521,543
Drop,519,540
Drop,521,540
Drop,522,540
Drop,515,536
Drop,512,541
Drop,523,544
Drop,530,549
Drop,530,556
Drop,525,561
Drop,527,571
Drop,525,578
Drop,515,583
Drop,514,599
Drop,511,620
Drop,511,648
Drop,502,673
Drop,497,708
Drop,609,857
Drop,590,717
Drop,570,637
Drop,537,598
Drop,514,568
Drop,514,544
Drop,543,505
Drop,535,464
Drop,540,437
Drop,532,423
Drop,532,411
Drop,535,398
Drop,537,387
Drop,537,388
Drop,536,382
Drop,534,386
Drop,534,381
Drop,542,377
Drop,538,382
Drop,535,395
Drop,476,451
Drop,514,394
Drop,539,393
Drop,537,396
Drop,542,405
Drop,543,417
Drop,542,423
Drop,542,426
Drop,540,427
Drop,540,430
Drop,539,433
Drop,538,433
Drop,541,438
Drop,539,435
Drop,540,436
Drop,542,441
Drop,543,445
Drop,542,448
Drop,540,453
Drop,537,460
Drop,540,473
Drop,542,494
Drop,542,518
Drop,541,545
Drop,540,582
Drop,560,905
Drop,549,821
Drop,557,761
Drop,546,690
Drop,531,619
Drop,521,567
Drop,500,544
Drop,495,517
Drop,543,481
Drop,548,447
Drop,539,414
Drop,547,398
Drop,554,382
Drop,555,379
Drop,555,383
Drop,555,393
Drop,551,409
Drop,550,420
Drop,542,435
Drop,532,469
Drop,520,485
Drop,517,498
Drop,587,516
Drop,577,528
Drop,561,546
Drop,555,565
Drop,552,573
Drop,548,581
Drop,547,584
Drop,553,585
Drop,552,585
Drop,552,578
Drop,551,579
Drop,551,579
Drop,552,581
Drop,549,585
Drop,549,585
Drop,549,587
Drop,546,588
Drop,548,594
Drop,548,597
Drop,546,599
Drop,545,609
Drop,546,628
Drop,547,643
Drop,551,668
Drop,605,844
Drop,563,666
Drop,540,635
Drop,543,601
Drop,555,574
Drop,570,551
Drop,572,521
Drop,572,496
Drop,567,469
Drop,567,461
Drop,569,461
Drop,572,451
Drop,576,447
Drop,573,444
Drop,579,447
Drop,586,445
Drop,584,446
Drop,581,452
Drop,571,448
Drop,573,446
Drop,592,438
Drop,601,438
Drop,615,441
Drop,610,447
Drop,607,457
Drop,604,465
Drop,603,463
Drop,603,466
Drop,602,469
Drop,611,470
Drop,611,468
Drop,609,469
Drop,605,468
Drop,608,470
Drop,606,474
Drop,602,478
Drop,601,484
Drop,601,489
Drop,597,501
Drop,594,511
Drop,596,526
Drop,597,546
Drop,594,569
Drop,590,595
Drop,583,626
Drop,576,666
Drop,570,712
Drop,557,758
Drop,552,815
Drop,543,871
Drop,557,930
Drop,557,870
Drop,550,810
Drop,541,743
Drop,530,677
Drop,526,620
Drop,570,565
Drop,540,568
Drop,499,527
Drop,503,515
Drop,497,511
Drop,497,500
Drop,502,480
Drop,503,467
Drop,503,467
Drop,504,468
Drop,508,467
Drop,509,474
Drop,510,488
Drop,514,488
Drop,511,492
Drop,512,493
Drop,509,494
Drop,503,485
Drop,528,478
Drop,547,470
Drop,554,477
Drop,548,490
Drop,545,497
Drop,548,505
Drop,547,508
Drop,546,507
Drop,546,507
Drop,547,506
Drop,547,507
Drop,546,506
Drop,545,507
Drop,550,511
Drop,551,512
Drop,549,518
Drop,552,521
Drop,550,526
Drop,550,530
Drop,543,538
Drop,543,542
Drop,539,549
Drop,538,565
Drop,533,585
Drop,533,610
Drop,535,644
Drop,532,680
Drop,531,719
Drop,579,906
Drop,578,837
Drop,576,774
Drop,589,716
Drop,610,666
Drop,524,588
Drop,537,550
Drop,548,518
Drop,558,496
Drop,555,461
Drop,561,454
Drop,559,447
Drop,562,430
Drop,565,417
Drop,564,427
Drop,569,438
Drop,565,444
Drop,562,444
Drop,567,439
Drop,561,451
Drop,552,446
Drop,560,443
Drop,598,430
Drop,583,428
Drop,590,454
Drop,591,475
Drop,585,424
Drop,584,431
Drop,586,438
Drop,586,438
Drop,587,439
Drop,584,443
Drop,583,446
Drop,581,447
Drop,569,463
Drop,580,463
Drop,584,473
Drop,585,473
Drop,582,480
Drop,580,488
Drop,579,500
Drop,574,508
Drop,571,521
Drop,570,538
Drop,568,560
Drop,566,585
Drop,564,619
Drop,564,658
Drop,560,698
Drop,511,827
Drop,505,628
Drop,549,543
Drop,496,462
Drop,503,432
Drop,510,423
Drop,515,413
Drop,514,410
Drop,516,421
Drop,516,439
Drop,519,461
Drop,534,485
Drop,518,492
Drop,513,535
Drop,513,551
Drop,539,563
Drop,529,581
Drop,523,579
Drop,525,589
Drop,523,591
Drop,523,585
Drop,529,590
Drop,529,592
Drop,532,589
Drop,536,590
Drop,534,593
Drop,536,597
Drop,534,597
Drop,537,605
Drop,534,602
Drop,538,608
Drop,533,612
Drop,532,619
Drop,526,628
Drop,523,638
Drop,513,650
Drop,512,669
Drop,507,692
Drop,503,721
Drop,503,756
Drop,504,795
Drink,605,986
Drink,619,822
Drink,616,703
Drink,656,561
Drink,626,547
Drink,668,469
Drink,687,443
Drink,683,443
Drink,726,407
Drink,630,513
Drink,638,481
Drink,633,466
Drink,613,480
Drink,615,463
Drink,625,448
Drink,627,445
Drink,627,439
Drink,615,485
Drink,627,440
Drink,627,441
Drink,617,459
Drink,618,459
Drink,618,453
Drink,620,454
Drink,617,459
Drink,619,459
Drink,603,483
Drink,604,492
Drink,612,497
Drink,605,512
Drink,592,536
Drink,583,555
Drink,577,594
Drink,575,634
Drink,599,658
Drink,605,704
Drink,601,767
Drink,606,802
Drink,551,939
Drink,535,914
Drink,526,841
Drink,535,765
Drink,595,394
Drink,584,407
Drink,583,381
Drink,592,336
Drink,595,331
Drink,598,326
Drink,603,318
Drink,605,320
Drink,609,326
Drink,646,294
Drink,615,322
Drink,621,311
Drink,617,297
Drink,615,288
Drink,614,279
Drink,616,283
Drink,617,281
Drink,618,281
Drink,616,280
Drink,621,277
Drink,625,278
Drink,625,281
Drink,626,280
Drink,630,287
Drink,635,291
Drink,636,296
Drink,633,296
Drink,635,300
Drink,634,299
Drink,637,305
Drink,637,309
Drink,639,320
Drink,637,326
Drink,638,336
Drink,633,368
Drink,644,388
Drink,653,399
Drink,660,393
Drink,669,457
Drink,660,543
Drink,651,632
Drink,627,718
Drink,604,788
Drink,620,872
Drink,633,963
Drink,650,939
Drink,648,874
Drink,668,797
Drink,664,731
Drink,672,691
Drink,676,646
Drink,712,597
Drink,712,545
Drink,734,509
Drink,741,458
Drink,745,426
Drink,724,405
Drink,703,425
Drink,709,417
Drink,712,399
Drink,711,381
Drink,713,384
Drink,714,379
Drink,721,371
Drink,719,374
Drink,718,376
Drink,717,376
Drink,718,376
Drink,715,375
Drink,715,374
Drink,716,376
Drink,719,374
Drink,721,369
Drink,718,371
Drink,709,361
Drink,706,350
Drink,695,345
Drink,692,343
Drink,684,339
Drink,681,339
Drink,680,334
Drink,681,332
Drink,677,334
Drink,677,332
Drink,679,336
Drink,677,338
Drink,680,337
Drink,680,339
Drink,679,345
Drink,676,341
Drink,675,343
Drink,647,368
Drink,661,354
Drink,656,362
Drink,643,369
Drink,645,381
Drink,643,404
Drink,642,430
Drink,663,444
Drink,701,426
Drink,687,482
Drink,685,479
Drink,681,599
Drink,655,700
Drink,659,783
Drink,613,964
Drink,648,1035
Drink,730,987
Drink,725,925
Drink,715,814
Drink,725,755
Drink,717,692
Drink,703,638
Drink,711,585
Drink,715,530
Drink,747,481
Drink,764,430
Drink,761,390
Drink,792,353
Drink,760,368
Drink,762,347
Drink,761,347
Drink,763,328
Drink,769,318
Drink,770,309
Drink,769,306
Drink,770,304
Drink,771,302
Drink,772,301
Drink,774,300
Drink,772,298
Drink,779,289
Drink,766,296
Drink,809,290
Drink,796,292
Drink,785,265
Drink,758,256
Drink,768,239
Drink,770,225
Drink,746,233
Drink,750,229
Drink,752,229
Drink,744,216
Drink,746,225
Drink,747,230
Drink,753,225
Drink,746,228
Drink,740,238
Drink,739,240
Drink,737,244
Drink,730,247
Drink,728,251
Drink,723,261
Drink,718,266
Drink,717,270
Drink,709,279
Drink,707,300
Drink,703,320
Drink,704,349
Drink,699,372
Drink,714,382
Drink,702,426
Drink,708,447
Drink,713,471
Drink,697,498
Drink,731,580
Drink,511,963
Drink,528,792
Drink,519,698
Drink,536,636
Drink,542,567
Drink,617,500
Drink,635,435
Drink,622,405
Drink,621,359
Drink,612,359
Drink,628,340
Drink,639,334
Drink,649,330
Drink,656,329
Drink,659,326
Drink,662,325
Drink,663,325
Drink,666,323
Drink,670,324
Drink,671,329
Drink,674,325
Drink,669,327
Drink,683,325
Drink,676,323
Drink,670,300
Drink,662,295
Drink,662,284
Drink,660,279
Drink,662,273
Drink,661,272
Drink,664,268
Drink,662,267
Drink,660,271
Drink,659,271
Drink,659,268
Drink,659,268
Drink,660,271
Drink,659,271
Drink,659,272
Drink,656,278
Drink,652,285
Drink,651,288
Drink,646,299
Drink,643,252
Drink,637,267
Drink,629,289
Drink,626,311
Drink,614,339
Drink,608,391
Drink,631,427
Drink,632,435
Drink,636,458
Drink,623,551
Drink,543,852
Drink,728,759
Drink,725,704
Drink,745,638
Drink,765,594
Drink,778,532
Drink,805,465
Drink,816,419
Drink,802,393
Drink,776,409
Drink,778,397
Drink,781,370
Drink,783,370
Drink,786,357
Drink,785,354
Drink,789,349
Drink,794,345
Drink,792,346
Drink,791,348
Drink,809,344
Drink,786,365
Drink,783,349
Drink,773,336
Drink,765,329
Drink,765,325
Drink,758,322
Drink,763,322
Drink,764,324
Drink,765,324
Drink,762,323
Drink,766,324
Drink,766,325
Drink,768,325
Drink,764,328
Drink,761,328
Drink,762,330
Drink,763,329
Drink,763,328
Drink,758,332
Drink,757,337
Drink,751,341
Drink,743,353
Drink,743,360
Drink,742,375
Drink,732,402
Drink,758,404
Drink,756,500
Drink,758,511
Drink,780,511
Drink,759,599
Drink,744,621
Drink,690,827
Drink,660,913
Drink,667,972
Drink,687,865
Drink,754,760
Drink,740,725
Drink,747,655
Drink,755,608
Drink,756,557
Drink,710,562
Drink,714,563
Drink,716,554
Drink,721,543
Drink,717,540
Drink,721,534
Drink,722,526
Drink,725,520
Drink,729,523
Drink,731,529
Drink,726,502
Drink,726,485
Drink,709,466
Drink,705,463
Drink,707,461
Drink,710,457
Drink,709,459
Drink,709,460
Drink,712,458
Drink,712,458
Drink,713,459
Drink,717,459
Drink,717,461
Drink,717,464
Drink,718,462
Drink,719,465
Drink,719,468
Drink,720,470
Drink,717,469
Drink,717,470
Drink,717,474
Drink,707,488
Drink,706,507
Drink,707,523
Drink,703,540
Drink,711,572
Drink,723,557
Drink,717,547
Drink,714,603
Drink,692,659
Drink,678,705
Drink,647,768
Drink,635,840
Drink,641,906
Drink,641,954
Drink,669,1018
Drink,725,991
Drink,698,967
Drink,703,914
Drink,702,853
Drink,736,754
Drink,715,726
Drink,743,672
Drink,730,643
Drink,725,640
Drink,727,638
Drink,732,618
Drink,733,604
Drink,734,598
Drink,733,595
Drink,729,590
Drink,727,585
Drink,724,580
Drink,722,593
Drink,733,599
Drink,725,604
Drink,720,588
Drink,715,574
Drink,718,564
Drink,719,559
Drink,712,554
Drink,708,551
Drink,713,550
Drink,710,545
Drink,706,546
Drink,706,547
Drink,704,548
Drink,703,544
Drink,698,549
Drink,692,554
Drink,704,538
Drink,694,572
Drink,698,570
Drink,691,579
Drink,690,580
Drink,690,579
Drink,690,582
Drink,688,587
Drink,681,589
Drink,677,604
Drink,670,621
Drink,673,652
Drink,701,667
Drink,711,685
Drink,705,704
Drink,709,679
Drink,695,738
Drink,635,986
Drink,668,1034
Drink,675,898
Drink,673,826
Drink,691,754
Drink,689,682
Drink,717,627
Drink,714,579
Drink,721,558
Drink,724,485
Drink,755,435
Drink,758,400
Drink,730,398
Drink,727,376
Drink,727,348
Drink,732,336
Drink,737,339
Drink,737,339
Drink,743,332
Drink,743,333
Drink,741,333
Drink,742,331
Drink,744,331
Drink,751,330
Drink,782,323
Drink,775,318
Drink,760,314
Drink,754,304
Drink,757,296
Drink,752,285
Drink,732,295
Drink,726,292
Drink,724,295
Drink,717,295
Drink,715,298
Drink,718,296
Drink,715,303
Drink,712,306
Drink,716,309
Drink,723,305
Drink,721,304
Drink,718,312
Drink,714,313
Drink,711,315
Drink,714,321
Drink,718,321
Drink,715,330
Drink,716,331
Drink,715,334
Drink,713,339
Drink,715,342
Drink,710,344
Drink,707,355
Drink,705,365
Drink,700,381
Drink,697,399
Drink,705,415
Drink,715,428
Drink,724,441
Drink,728,452
Drink,717,477
Drink,719,492
Drink,705,531
Drink,705,505
Drink,695,577
Drink,705,594
Drink,693,624
Drink,683,705
Drink,640,801
Drink,646,861
Drink,630,952
Drink,646,1015
Drink,651,986
Drink,644,908
Drink,655,845
Drink,667,764
Drink,690,689
Drink,701,637
Drink,729,581
Drink,747,541
Drink,742,513
Drink,730,539
Drink,730,531
Drink,735,513
Drink,738,506
Drink,738,500
Drink,737,491
Drink,735,485
Drink,737,478
Drink,736,478
Drink,737,478
Drink,738,479
Drink,739,478
Drink,739,475
Drink,740,473
Drink,741,474
Drink,740,467
Drink,739,467
Drink,743,463
Drink,740,475
Drink,737,481
Drink,741,463
Drink,732,449
Drink,724,446
Drink,722,439
Drink,718,432
Drink,717,426
Drink,719,428
Drink,719,431
Drink,718,429
Drink,717,427
Drink,715,427
Drink,716,426
Drink,718,428
Drink,717,428
Drink,717,430
Drink,717,434
Drink,714,434
Drink,714,435
Drink,717,441
Drink,718,444
Drink,721,431
Drink,706,453
Drink,700,459
Drink,700,472
Drink,691,494
Drink,684,528
Drink,695,553
Drink,715,569
Drink,711,590
Drink,721,666
Drink,702,740
Drink,638,904
Child,353,795
Child,373,715
Child,354,612
Child,369,595
Child,379,586
Child,399,591
Child,408,607
Child,398,620
Child,393,646
Child,398,689
Child,390,741
Child,405,773
Child,421,867
Child,394,884
Child,401,912
Child,406,921
Child,392,882
Child,413,880
Child,414,803
Child,399,757
Child,392,737
Child,380,723
Child,387,691
Child,396,672
Child,392,677
Child,385,682
Child,383,722
Child,378,755
Child,378,766
Child,411,818
Child,401,766
Child,425,736
Child,452,728
Child,459,741
Child,444,757
Child,435,814
Child,527,843
Child,432,1002
Child,470,1009
Child,488,1023
Child,449,986
Child,486,951
Child,485,745
Child,478,724
Child,489,715
Child,506,689
Child,509,688
Child,501,701
Child,492,728
Child,484,756
Child,473,797
Child,517,690
Child,516,696
Child,523,726
Child,522,764
Child,537,799
Child,515,874
Child,558,908
Child,592,887
Child,584,897
Child,581,889
Child,590,903
Child,550,876
Child,576,802
Child,553,794
Child,556,768
Child,552,742
Child,559,719
Child,565,704
Child,568,707
Child,567,703
Child,568,721
Child,562,751
Child,568,771
Child,554,796
Child,553,801
Child,579,833
Child,599,842
Child,614,830
Child,616,829
Child,596,844
Child,579,847
Child,542,850
Child,553,786
Child,563,802
Child,567,784
Child,561,765
Child,557,746
Child,559,731
Child,565,736
Child,584,742
Child,575,768
Child,577,797
Child,555,837
Child,566,912
Child,578,884
Child,589,907
Child,583,929
Child,587,938
Child,583,927
Child,592,904
Child,584,893
Child,572,881
Child,567,893
Child,592,852
Child,600,774
Child,562,796
Child,569,784
Child,571,759
Child,578,728
Child,577,722
Child,583,730
Child,583,730
Child,579,739
Child,693,802
Child,713,775
Child,708,752
Child,693,738
Child,682,725
Child,658,721
Child,661,725
Child,656,717
Child,666,715
Child,648,719
Child,659,732
Child,655,748
Child,654,778
Child,658,833
Child,662,843
Child,668,851
Child,676,855
Child,670,856
Child,665,849
Child,653,850
Child,639,854
Child,677,812
Child,672,772
Child,649,776
Child,642,776
Child,638,764
Child,639,753
Child,644,746
Child,638,747
Child,639,753
Child,640,762
Child,644,780
Child,649,793
Child,662,785
Child,671,864
Child,644,855
Child,649,830
Child,658,851
Child,665,842
Child,655,838
Child,639,842
Child,617,882
Child,627,864
Child,638,794
Child,633,763
Child,627,749
Child,627,735
Child,624,727
Child,627,719
Child,635,722
Child,626,731
Child,636,744
Child,640,763
Child,646,789
Child,677,850
Child,645,838
Child,651,843
Child,659,858
Child,669,860
Child,498,835
Child,501,795
Child,516,643
Child,521,609
Child,514,579
Child,512,557
Child,505,554
Child,515,541
Child,519,545
Child,494,565
Child,493,589
Child,503,612
Child,510,715
Child,522,725
Child,548,774
Child,543,828
Child,504,927
Child,541,910
Child,546,915
Child,522,924
Child,512,915
Child,516,893
Child,580,854
Child,556,788
Child,519,726
Child,536,698
Child,513,664
Child,511,647
Child,494,618
Child,488,605
Child,516,617
Child,519,619
Child,526,634
Child,526,650
Child,546,680
Child,547,707
Child,557,771
Child,550,843
Child,536,862
Child,529,891
Child,518,839
Child,502,814
Child,531,797
Child,533,715
Child,530,687
Child,537,631
Child,539,608
Child,533,557
Child,539,532
Child,529,540
Child,547,538
Child,555,550
Child,546,558
Child,541,570
Child,541,580
Child,558,595
Child,582,667
Child,568,728
Child,546,855
Child,538,898
Child,551,881
Child,564,870
Child,564,869
Child,558,869
Child,550,905
Child,541,864
Child,560,837
Child,563,766
Child,570,727
Child,575,684
Child,557,625
Child,558,606
Child,566,597
Child,564,590
Child,578,601
Child,592,624
Child,588,616
Child,595,638
Child,598,663
Child,598,927
Child,538,584
Child,537,554
Child,542,541
Child,566,549
Child,571,557
Child,568,588
Child,572,621
Child,565,676
Child,572,715
Child,533,1097
Child,541,617
Child,547,575
Child,556,549
Child,572,565
Child,581,568
Child,573,581
Child,568,588
Child,570,629
Child,575,672
Child,693,802
Child,713,775
Child,708,752
Child,693,738
Child,682,725
Child,658,721
Child,661,725
Child,656,717
Child,666,715
Child,648,719
Child,659,732
Child,655,748
Child,654,778
Child,658,833
Child,662,843
Child,668,851
Child,676,855
Child,670,856
Child,665,849
Child,653,850
Child,639,854
Child,677,812
Child,672,772
Child,649,776
Child,642,776
Child,638,764
Child,639,753
Child,644,746
Child,638,747
Child,639,753
Child,640,762
Child,644,780
Child,649,793
Child,662,785
Child,671,864
Child,644,855
Child,649,830
Child,658,851
Child,665,842
Child,655,838
Child,639,842
Child,617,882
Child,627,864
Child,638,794
Child,633,763
Child,627,749
Child,627,735
Child,624,727
Child,627,719
Child,635,722
Child,626,731
Child,636,744
Child,640,763
Child,646,789
Child,677,850
Child,645,838
Child,651,843
Child,659,858
Child,669,860
Child,674,737
Child,700,724
Child,692,752
Child,707,763
Child,717,776
Child,730,795
Child,709,805
Child,732,792
Child,721,778
Child,715,767
Child,705,755
Child,690,746
Child,690,719
Child,678,709
Child,675,702
Child,666,693
Child,665,679
Child,662,672
Child,661,672
Child,664,674
Child,666,673
Child,666,689
Child,668,699
Child,675,709
Child,692,707
Child,704,726
Child,697,748
Child,712,752
Child,713,766
Child,720,775
Child,718,779
Child,714,773
Child,703,767
Child,699,753
Child,690,740
Child,683,728
Child,694,702
Child,668,703
Child,676,679
Child,664,675
Child,669,660
Child,668,647
Child,666,652
Child,665,650
Child,667,661
Child,672,674
Child,676,687
Child,685,699
Child,700,734
Child,705,745
Child,713,752
Child,721,765
Child,711,793
Child,719,782
Child,717,763
Child,714,745
Child,708,737
Child,697,728
Child,687,722
Child,688,691
Child,682,682
Child,683,671
Child,678,664
Child,679,653
Child,678,655
Child,525,776
Child,533,706
Child,538,684
Child,543,617
Child,539,556
Child,514,546
Child,517,530
Child,536,538
Child,544,544
Child,542,554
Child,541,580
Child,543,613
Child,547,670
Child,538,934
Child,538,908
Child,541,914
Child,546,898
Child,531,907
Child,536,667
Child,515,647
Child,510,620
Child,511,597
Child,515,579
Child,532,579
Child,535,575
Child,537,582
Child,545,573
Child,528,611
Child,531,636
Child,531,693
Child,557,809
Child,556,844
Child,571,840
Child,601,819
Child,590,821
Child,587,818
Child,585,798
Child,573,766
Child,564,773
Child,569,770
Child,568,755
Child,574,740
Child,573,738
Child,576,741
Child,571,752
Child,568,774
Child,560,795
Child,561,799
Child,563,843
Child,585,840
Child,607,841
Child,607,854
Child,609,832
Child,588,843
Child,582,831
Child,571,808
Child,573,780
Child,574,771
Child,578,756
Child,582,742
Child,586,730
Child,594,727
Child,603,731
Child,590,732
Child,595,752
Child,591,772
Child,615,771
Child,557,835
Child,611,807
Child,629,813
Child,630,838
Child,627,819
Child,630,808
Child,620,796
Child,622,782
Child,620,773
Child,586,761
Child,593,751
Child,586,741
Child,594,726
Child,584,705
Child,593,699
Child,614,699
Child,606,703
Child,591,705
Child,587,723
Child,589,754
Child,586,777
Stop,1121,797
Stop,1122,794
Stop,1120,795
Stop,1120,794
Stop,1118,797
Stop,1116,797
Stop,1119,795
Stop,1120,796
Stop,1118,794
Stop,1121,791
Stop,1126,791
Stop,1131,787
Stop,940,806
Stop,944,789
Stop,945,774
Stop,951,762
Stop,964,757
Stop,1013,745
Stop,1140,781
Stop,1135,793
Stop,1138,770
Stop,981,640
Stop,978,629
Stop,979,622
Stop,992,618
Stop,1004,606
Stop,1008,600
Stop,1010,595
Stop,1015,592
Stop,1146,779
Stop,1160,764
Stop,1172,741
Stop,1028,608
Stop,1166,667
Stop,1039,621
Stop,1043,632
Stop,1046,642
Stop,1168,546
Stop,1048,655
Stop,1053,662
Stop,1053,666
Stop,1051,667
Stop,1051,668
Stop,1048,668
Stop,1057,664
Stop,1059,658
Stop,1131,621
Stop,1130,642
Stop,1107,661
Stop,1116,666
Stop,1041,709
Stop,1067,685
Stop,1037,716
Stop,1032,713
Stop,1028,712
Stop,1024,708
Stop,1026,711
Stop,1025,712
Stop,1026,708
Stop,1027,711
Stop,1025,712
Stop,1028,711
Stop,1028,711
Stop,899,820
Stop,900,821
Stop,901,821
Stop,901,821
Stop,901,821
Stop,1113,776
Stop,1113,776
Stop,901,822
Stop,901,823
Stop,1115,777
Stop,1114,778
Stop,1118,777
Stop,1119,778
Stop,1119,777
Stop,903,829
Stop,1116,775
Stop,1118,773
Stop,1120,773
Stop,1120,773
Stop,1124,769
Stop,947,825
Stop,954,813
Stop,966,800
Stop,999,753
Stop,1081,757
Stop,1131,754
Stop,1136,757
Stop,1141,752
Stop,1148,748
Stop,1151,737
Stop,1163,722
Stop,1063,642
Stop,1070,643
Stop,1081,649
Stop,1212,577
Stop,1095,644
Stop,1100,646
Stop,1106,650
Stop,1107,653
Stop,1111,659
Stop,1111,661
Stop,1112,662
Stop,1115,663
Stop,1117,662
Stop,1116,659
Stop,1120,654
Stop,1116,650
Stop,1115,628
Stop,1156,617
Stop,1124,671
Stop,1175,631
Stop,1170,631
Stop,1117,661
Stop,1161,633
Stop,1172,634
Stop,1092,679
Stop,1082,679
Stop,1078,681
Stop,1080,680
Stop,1081,681
Stop,1077,680
Stop,1083,680
Stop,1079,683
Stop,893,784
Stop,893,784
Stop,894,783
Stop,896,782
Stop,897,782
Stop,897,782
Stop,899,784
Stop,899,784
Stop,901,785
Stop,903,785
Stop,1142,718
Stop,1143,717
Stop,1142,715
Stop,1142,714
Stop,949,788
Stop,960,780
Stop,987,764
Stop,1004,738
Stop,1031,709
Stop,1077,707
Stop,1117,708
Stop,1124,702
Stop,1129,698
Stop,1162,697
Stop,1178,686
Stop,1060,613
Stop,1059,622
Stop,1064,609
Stop,1056,617
Stop,1076,623
Stop,1079,628
Stop,1160,483
Stop,1160,458
Stop,1080,648
Stop,1083,653
Stop,1078,660
Stop,1080,662
Stop,1081,660
Stop,1081,661
Stop,1086,657
Stop,1086,650
Stop,1163,583
Stop,1151,574
Stop,1153,597
Stop,1126,587
Stop,1129,600
Stop,1061,649
Stop,1129,589
Stop,1120,596
Stop,1054,648
Stop,1051,648
Stop,1056,647
Stop,1054,648
Stop,1053,646
Stop,1120,592
Stop,1126,584
Stop,1139,604
Stop,1141,603
Stop,1137,602
Stop,1131,603
Stop,1040,647
Stop,1037,649
Stop,1035,652
Stop,1156,631
Stop,1063,649
Stop,1017,668
Stop,1013,675
Stop,999,684
Stop,999,693
Stop,962,806
Stop,1134,775
Stop,1120,745
Stop,1134,763
Stop,1133,769
Stop,1147,769
Stop,1147,772
Stop,1035,661
Stop,1041,653
Stop,1156,755
Stop,1166,748
Stop,1172,735
Stop,1187,713
Stop,1047,639
Stop,1054,639
Stop,1058,650
Stop,1184,615
Stop,1062,666
Stop,1062,672
Stop,1061,678
Stop,1063,683
Stop,1070,687
Stop,1070,690
Stop,1072,691
Stop,1074,690
Stop,1076,691
Stop,1078,688
Stop,1076,684
Stop,1076,677
Stop,1070,669
Stop,1168,638
Stop,1060,642
Stop,1083,649
Stop,1148,617
Stop,1136,634
Stop,1112,642
Stop,1128,619
Stop,1125,646
Stop,1110,650
Stop,1112,648
Stop,1114,650
Stop,1115,649
Stop,1121,652
Stop,1118,647
Stop,1116,657
Stop,1110,642
Stop,1108,641
Stop,1122,641
Stop,1037,698
Stop,1033,698
Stop,1028,704
Stop,1019,707
Stop,1140,665
Stop,1150,678
Stop,1143,673
Stop,1124,674
Stop,982,739
Stop,977,748
Stop,963,759
Stop,952,773
Stop,886,790
Stop,886,790
Stop,887,791
Stop,887,791
Stop,888,792
Stop,890,793
Stop,893,794
Stop,897,793
Stop,902,791
Stop,905,786
Stop,1131,731
Stop,928,772
Stop,940,757
Stop,949,749
Stop,959,737
Stop,976,719
Stop,1131,723
Stop,1137,712
Stop,1140,709
Stop,1036,658
Stop,1020,649
Stop,1032,635
Stop,1033,623
Stop,1045,617
Stop,1044,614
Stop,1167,671
Stop,1055,609
Stop,1050,616
Stop,1059,620
Stop,1063,626
Stop,1062,631
Stop,1059,638
Stop,1058,645
Stop,1059,650
Stop,1060,654
Stop,1068,658
Stop,1069,658
Stop,1072,659
Stop,1073,659
Stop,1079,658
Stop,1079,655
Stop,1080,649
Stop,1087,642
Stop,1086,636
Stop,1088,634
Stop,1165,589
Stop,1162,598
Stop,1148,600
Stop,1159,616
Stop,1147,614
Stop,1141,601
Stop,1141,602
Stop,1151,624
Stop,1143,609
Stop,1140,603
Stop,1140,600
Stop,1135,597
Stop,1134,599
Stop,1136,599
Stop,1149,625
Stop,1141,613
Stop,1147,624
Stop,1136,609
Stop,1057,649
Stop,1133,607
Stop,1136,626
Stop,1146,630
Stop,1151,623
Stop,903,868
Stop,904,868
Stop,907,868
Stop,906,867
Stop,906,868
Stop,907,870
Stop,910,871
Stop,1137,813
Stop,1140,813
Stop,1137,805
Stop,1136,802
Stop,1142,794
Stop,943,824
Stop,943,811
Stop,957,794
Stop,953,769
Stop,962,752
Stop,954,728
Stop,1168,753
Stop,973,681
Stop,974,674
Stop,983,665
Stop,993,655
Stop,1170,747
Stop,1175,739
Stop,1179,725
Stop,1008,654
Stop,1013,658
Stop,1019,664
Stop,1018,675
Stop,1027,681
Stop,1030,690
Stop,1036,697
Stop,1041,704
Stop,1045,710
Stop,1050,713
Stop,1056,713
Stop,1050,708
Stop,1063,716
Stop,1065,713
Stop,1062,707
Stop,1064,699
Stop,1119,635
Stop,1068,699
Stop,1166,681
Stop,1111,708
Stop,1119,672
Stop,1060,737
Stop,1060,739
Stop,1068,731
Stop,1057,740
Stop,1055,739
Stop,1049,736
Stop,1045,740
Stop,1049,737
Stop,1048,739
Stop,1047,736
Stop,1054,734
Stop,1136,688
Stop,1038,737
Stop,882,856
Stop,881,856
Stop,881,856
Stop,882,856
Stop,882,856
Stop,882,856
Stop,881,856
Stop,882,855
Stop,882,854
Stop,885,854
Stop,886,853
Stop,891,852
Stop,1159,782
Stop,1162,776
Stop,1166,767
Stop,1171,758
Stop,1178,751
Stop,1188,741
Stop,1188,733
Stop,1196,726
Stop,943,819
Stop,953,809
Stop,958,797
Stop,971,787
Stop,985,775
Stop,1005,762
Stop,1019,749
Stop,1033,739
Stop,1050,726
Stop,1060,716
Stop,1070,706
Stop,1081,701
Stop,1092,696
Stop,1102,693
Stop,1110,690
Stop,1116,689
Stop,1118,690
Stop,1127,692
Stop,1128,693
Stop,1133,693
Stop,1136,691
Stop,1133,689
Stop,1141,687
Stop,1132,681
Stop,1233,566
Stop,1112,693
Stop,1160,644
Stop,1139,653
Stop,1110,678
Stop,1113,676
Stop,1113,677
Stop,1114,677
Stop,1121,673
Stop,1105,676
Stop,1110,669
Stop,1129,637
Stop,1161,636
Stop,1154,637
Stop,1151,639
Stop,1151,637
Stop,1158,648
Stop,1151,632
Stop,1151,632
Stop,1155,631
Stop,1156,632
Stop,1163,626
Stop,1162,619
Stop,1158,626
Stop,1156,634
Stop,1149,622
Stop,901,814
Stop,903,814
Stop,905,815
Stop,905,817
Stop,907,817
Stop,909,818
Stop,912,821
Stop,913,820
Stop,922,820
Stop,928,819
Stop,937,811
Stop,954,795
Stop,1117,765
Stop,1123,757
Stop,1132,751
Stop,1129,751
Stop,1126,747
Stop,1130,749
Stop,1133,742
Stop,1136,739
Stop,1141,733
Stop,1147,720
Stop,1154,694
Stop,1163,670
Stop,1139,654
Stop,1050,624
Stop,1187,607
Stop,1058,659
Stop,1050,668
Stop,1049,674
Stop,1050,682
Stop,1053,689
Stop,1056,691
Stop,1060,694
Stop,1062,696
Stop,1064,697
Stop,1064,696
Stop,1066,694
Stop,1067,689
Stop,1068,682
Stop,1065,674
Stop,1066,660
Stop,1178,541
Stop,1059,647
Stop,1061,664
Stop,1174,636
Stop,1136,649
Stop,1137,648
Stop,1134,631
Stop,1130,628
Stop,1134,625
Stop,1133,628
Stop,1134,633
Stop,1134,637
Stop,1138,631
Stop,1136,633
Stop,1134,637
Stop,1135,637
Stop,1135,638
Stop,1138,635
Stop,1045,688
Stop,1041,688
Stop,1042,688
Stop,1038,689
Stop,1030,690
Stop,1026,693
Stop,1175,655
Stop,1011,705
Stop,933,800
Stop,939,795
Stop,945,786
Stop,954,780
Stop,971,757
Stop,963,751
Stop,979,737
Stop,981,717
Stop,1161,754
Stop,1167,752
Stop,1002,671
Stop,1008,656
Stop,1176,728
Stop,1187,708
Stop,1203,679
Stop,1200,649
Stop,1210,633
Stop,1038,625
Stop,1230,546
Stop,1043,630
Stop,1046,634
Stop,1049,637
Stop,1049,643
Stop,1051,647
Stop,1054,650
Stop,1055,654
Stop,1059,658
Stop,1061,662
Stop,1064,663
Stop,1063,664
Stop,1061,665
Stop,1062,656
Stop,1051,644
Stop,1137,626
Stop,1042,663
Stop,1037,660
Stop,1039,663
Stop,1041,661
Stop,1040,662
Stop,1039,663
Stop,1125,607
Stop,1133,610
Stop,1140,618
Stop,1042,664
Stop,1139,611
Stop,1043,664
Stop,1039,662
Stop,1038,665
Stop,1137,612
Stop,1137,613
Stop,1121,620
Stop,1131,603
Stop,1026,680
Stop,877,790
Stop,877,791
Stop,879,791
Stop,881,793
Stop,879,792
Stop,881,792
Stop,885,794
Stop,889,796
Stop,894,796
Stop,900,797
Stop,899,792
Stop,1131,746
Stop,1133,738
Stop,935,758
Stop,948,741
Stop,1107,745
Stop,1106,742
Stop,1115,735
Stop,1116,723
Stop,1122,732
Stop,1128,730
Stop,1124,729
Stop,1126,727
Stop,1135,727
Stop,1137,726
Stop,1140,716
Stop,1140,711
Stop,1157,702
Stop,1058,629
Stop,1139,607
Stop,1078,640
Stop,1073,647
Stop,1081,653
Stop,1083,658
Stop,1083,663
Stop,1085,671
Stop,1082,673
Stop,1090,674
Stop,1095,675
Stop,1096,677
Stop,1095,674
Stop,1092,673
Stop,1091,668
Stop,1093,658
Stop,1161,628
Stop,1164,553
Stop,1089,641
Stop,1205,609
Stop,1167,638
Stop,1115,654
Stop,1106,653
Stop,1146,627
Stop,1159,623
Stop,1143,621
Stop,1148,623
Stop,1161,625
Stop,1148,621
Stop,1145,616
Stop,1152,618
Stop,1155,621
Stop,1067,670
Stop,1063,671
Stop,1061,670
Stop,1145,615
Stop,1150,630
Stop,1139,629
Stop,1135,627
Stop,1135,626
Stop,1128,620
Stop,1129,626
Stop,1128,629
Stop,1129,629
Stop,1123,637
